fecha,tmed,prec,tmin,tmax,hrMedia,hrMax,hrMin,velmedia,sol
2020-01-01,"9,2","0,0","4,9","13,4",76,87,61,"2,5","4,9"
2020-01-02,"9,4","0,0","4,1","14,7",76,88,60,"4,7","1,5"
2020-01-03,"7,8","0,0","4,5","11,0",72,88,61,"5,8","1,6"
2020-01-04,"9,4","0,0","3,9","14,8",63,80,49,"5,0","5,3"
2020-01-05,"10,0","0,0","4,9","15,1",65,87,40,"5,0","5,5"
2020-01-06,"10,0","0,0","4,1","16,0",73,89,56,"2,2","5,4"
2020-01-07,"10,0","0,0","4,6","15,3",73,87,52,"3,9","5,4"
2020-01-08,"10,7","0,0","4,7","16,7",74,94,55,"2,5","5,3"
2020-01-09,"10,2","4,9","5,7","14,7",81,93,71,"4,7","5,5"
2020-01-10,"9,6","16,2","6,8","12,5",90,98,78,"3,3","0,0"
2020-01-11,"8,2","0,0","4,2","12,3",72,88,53,"4,4","5,7"
2020-01-12,"8,6","0,0","2,4","14,7",71,87,43,"3,3","5,8"
2020-01-13,"7,9","0,0","2,9","12,9",69,88,44,"4,2","5,0"
2020-01-14,"8,6","0,0","2,7","14,4",70,89,43,"4,2","5,9"
2020-01-15,"8,8","0,0","3,2","14,3",69,89,43,"5,0","5,1"
2020-01-16,"9,8","0,0","4,8","14,8",79,92,56,"4,2","5,8"
2020-01-17,"13,0","0,0","6,9","19,0",60,97,33,"3,6","5,7"
2020-01-18,"11,0","0,2","7,2","14,7",61,82,36,"5,6","3,8"
2020-01-19,"10,9","0,0","9,3","12,5",43,93,21,"12,5","0,0"
2020-01-20,"9,4","54,1","7,3","11,4",62,98,26,"16,7","0,5"
2020-01-21,"10,2","87,9","7,6","12,8",96,100,87,"18,9","0,0"
2020-01-22,"12,4","10,4","10,0","14,9",91,100,88,"8,1","0,0"
2020-01-23,"11,6","0,1","8,5","14,7",85,96,64,"2,8","4,0"
2020-01-24,"10,8","0,0","6,2","15,4",81,91,62,"4,2","5,4"
2020-01-25,"11,0","0,0","7,8","14,3",82,91,70,"3,3","0,9"
2020-01-26,"12,8","0,0","8,2","17,4",75,91,60,"3,3","6,0"
2020-01-27,"10,8","0,0","6,1","15,4",68,91,44,"3,6","4,4"
2020-01-28,"13,9","0,0","10,1","17,7",65,82,54,"7,2","0,2"
2020-01-29,"12,3","0,0","8,2","16,4",81,93,65,"2,5","3,0"
2020-01-30,"13,8","0,0","8,7","18,8",77,95,60,"3,1","3,5"
2020-01-31,"14,8","0,0","10,5","19,2",77,94,56,"3,6","6,7"
2020-02-01,"15,2","0,0","8,9","21,4",78,93,56,"2,2","4,8"
2020-02-02,"15,4","0,0","10,0","20,7",79,94,57,"2,5","6,8"
2020-02-03,"16,6","0,0","11,7","21,5",74,92,56,"3,9","6,8"
2020-02-04,"15,8","0,0","10,3","21,3",71,90,44,"3,9","5,9"
2020-02-05,"10,9","0,0","7,0","14,8",64,88,42,"4,2","7,7"
2020-02-06,"9,8","0,0","4,8","14,8",75,90,61,"5,0","7,6"
2020-02-07,"10,6","0,0","6,5","14,7",77,91,63,"3,3","1,0"
2020-02-08,"10,4","0,0","6,7","14,1",83,93,66,"3,3","1,6"
2020-02-09,"11,2","0,0","7,2","15,1",84,93,70,"5,8","7,0"
2020-02-10,"16,4","0,0","11,2","21,6",77,94,50,"5,8","7,7"
2020-02-11,"14,0","0,0","10,7","17,3",81,94,65,"4,2","3,3"
2020-02-12,"12,4","0,0","11,4","13,5",89,93,80,"3,6","0,0"
2020-02-13,"12,9","0,0","9,5","16,3",86,96,75,"6,1","6,5"
2020-02-14,"12,7","0,0","9,2","16,2",85,96,75,"3,1","2,1"
2020-02-15,"12,8","0,0","9,9","15,6",86,96,75,"5,6","7,4"
2020-02-16,"14,5","0,0","13,2","15,8",84,91,79,"6,4","0,0"
2020-02-17,"14,6","1,1","13,3","15,9",85,94,78,"4,4","5,6"
2020-02-18,"11,5","0,0","7,9","15,1",62,94,48,"2,8","8,7"
2020-02-19,"11,8","0,0","6,8","16,7",62,87,38,"3,6","9,4"
2020-02-20,"10,4","0,0","5,2","15,6",78,92,64,"6,9","9,5"
2020-02-21,"11,9","0,0","6,8","17,0",68,90,50,"5,3","9,5"
2020-02-22,"12,0","0,0","7,5","16,4",79,92,68,"3,9","8,9"
2020-02-23,"12,9","0,0","8,2","17,6",79,94,57,"5,8","9,6"
2020-02-24,"13,6","0,0","8,8","18,4",69,85,41,"5,8","9,8"
2020-02-25,"12,2","0,0","8,2","16,1",83,94,61,"3,9","2,0"
2020-02-26,"14,4","0,0","9,1","19,8",42,95,27,"5,3","9,4"
2020-02-27,"14,4","0,0","9,1","19,7",50,90,33,"7,2","7,2"
2020-02-28,"13,4","0,0","10,5","16,4",77,87,52,"1,9","2,8"
2020-02-29,"14,1","0,0","11,2","17,0",86,94,73,"6,1","3,7"
2020-03-01,"17,0","0,9","13,0","20,9",57,93,33,"6,7","8,4"
2020-03-02,"14,4","1,4","9,7","19,1",49,94,26,"12,2","7,2"
2020-03-03,"13,1","0,0","8,2","18,0",54,72,36,"8,3","2,0"
2020-03-04,"13,9","0,0","9,8","18,0",71,90,41,"2,8","1,9"
2020-03-05,"14,9","0,0","9,8","20,0",61,92,32,"5,6","6,5"
2020-03-06,"13,1","0,0","8,3","17,9",42,62,22,"7,8","8,7"
2020-03-07,"12,6","0,0","6,3","18,8",51,79,23,"3,6","10,0"
2020-03-08,"12,6","0,0","8,2","17,0",70,91,45,"5,3","8,3"
2020-03-09,"15,1","0,0","9,1","21,1",69,84,26,"6,1","8,5"
2020-03-10,"12,6","0,0","9,3","15,9",68,86,45,"5,3","5,3"
2020-03-11,"12,8","0,0","8,7","16,8",81,94,66,"3,3","10,4"
2020-03-12,"13,7","0,0","10,4","17,0",88,95,66,"2,8","5,7"
2020-03-13,"13,8","0,0","10,2","17,5",86,96,70,"6,1","9,1"
2020-03-14,"14,3","0,0","10,2","18,4",79,92,60,"3,1","6,3"
2020-03-15,"13,1","0,0","8,9","17,3",82,90,68,"3,6","5,8"
2020-03-16,"14,3","18,3","13,4","15,2",90,96,77,"10,0","0,0"
2020-03-17,"15,2","0,0","12,9","17,4",77,92,64,"8,1","1,1"
2020-03-18,"13,4","0,0","9,4","17,5",80,93,53,"3,1","2,7"
2020-03-19,"12,0","0,0","8,2","15,8",79,90,68,"3,9","7,9"
2020-03-20,"12,5","0,0","8,5","16,5",77,89,63,"5,0","10,0"
2020-03-21,"12,2","0,0","7,2","17,1",75,91,58,"5,0","9,9"
2020-03-22,"13,4","4,2","9,8","16,9",84,95,70,"6,7","3,3"
2020-03-23,"14,0","20,4","11,6","16,4",84,97,73,"8,6","4,3"
2020-03-24,"13,0","0,0","10,8","15,1",65,82,52,"8,9","5,2"
2020-03-25,"9,8","0,0","5,9","13,6",50,79,37,"3,3","0,4"
2020-03-26,"9,0","0,0","5,0","13,0",70,84,56,"7,5","5,3"
2020-03-27,"10,0","0,1","3,7","16,2",51,82,29,"3,6","6,1"
2020-03-28,"13,7","0,0","10,0","17,4",60,73,38,"3,9","7,7"
2020-03-29,"14,0",Ip,"8,9","19,1",64,81,40,"4,4","10,0"
2020-03-30,"11,2","6,0","8,0","14,3",85,92,72,"5,6","0,0"
2020-03-31,"10,7","3,2","8,3","13,1",77,89,64,"10,3","0,0"
2020-04-01,"11,7","16,4","10,4","13,0",91,96,83,"13,1","0,0"
2020-04-02,"12,7","0,0","10,3","15,1",70,86,57,"8,6","2,4"
2020-04-03,"12,6","0,0","7,8","17,3",69,92,43,"5,0","9,7"
2020-04-04,"12,8","0,0","8,5","17,0",77,91,54,"5,0","11,8"
2020-04-05,"12,5","0,0","7,6","17,4",72,94,52,"3,6","11,9"
2020-04-06,"13,2","0,0","8,8","17,5",77,86,63,"3,3","9,3"
2020-04-07,"14,8","0,0","11,3","18,3",73,87,58,"3,3","3,8"
2020-04-08,"15,2","0,0","11,2","19,2",60,85,28,"3,1","8,2"
2020-04-09,"14,6","0,0","11,0","18,2",77,92,61,"3,9","10,0"
2020-04-10,"15,2","0,0","10,1","20,4",71,93,33,"4,2","10,6"
2020-04-11,"14,9","0,0","10,4","19,4",72,91,62,"4,2","6,4"
2020-04-12,"15,6","14,1","11,2","19,9",62,88,37,"4,2","8,7"
2020-04-13,"13,8","18,0","12,0","15,6",92,100,66,"6,4","0,0"
2020-04-14,"15,4","0,0","12,3","18,5",78,91,59,"3,3","10,1"
2020-04-15,"14,8","0,0","11,1","18,6",84,92,66,"6,4","6,3"
2020-04-16,"17,4","0,0","15,3","19,4",75,94,56,"4,7","8,0"
2020-04-17,"16,3","0,0","14,1","18,5",85,94,74,"2,5","4,1"
2020-04-18,"17,2","12,1","14,7","19,6",85,99,73,"4,2","3,3"
2020-04-19,"15,9","78,5","15,4","16,4",99,100,95,"5,8","0,0"
2020-04-20,"16,8","47,7","15,4","18,1",97,100,88,"3,6","0,0"
2020-04-21,"14,7","73,3","13,8","15,6",100,100,97,"5,8","0,0"
2020-04-22,"16,2","0,0","14,0","18,4",74,100,63,"8,9","2,4"
2020-04-23,"17,1","0,0","13,4","20,8",68,91,50,"5,8","7,4"
2020-04-24,"16,6","0,0","13,5","19,8",72,93,60,"3,9","12,2"
2020-04-25,"16,0","0,0","11,6","20,5",76,92,49,"3,3","11,6"
2020-04-26,"16,4","0,0","12,7","20,1",79,92,61,"4,2","9,7"
2020-04-27,"16,7","3,4","12,9","20,5",85,95,65,"4,4","4,2"
2020-04-28,"17,2","0,0","12,9","21,6",70,92,47,"6,4","11,7"
2020-04-29,"16,9",Ip,"12,2","21,6",62,89,40,"6,4","12,0"
2020-04-30,"19,8","0,0","14,3","25,3",48,78,28,"6,9","7,7"
2020-05-01,"20,1","0,0","13,9","26,3",56,83,39,"8,1","9,9"
2020-05-02,"19,6","0,0","15,4","23,9",64,87,55,"3,1","11,1"
2020-05-03,"19,2","0,0","15,7","22,6",72,87,60,"3,1","12,0"
2020-05-04,"19,8","0,0","15,4","24,3",73,90,53,"4,4","11,6"
2020-05-05,"19,9","0,0","16,7","23,1",77,86,64,"3,1","3,5"
2020-05-06,"20,7","0,0","16,4","25,0",65,89,46,"4,2","12,2"
2020-05-07,"20,1","0,0","16,6","23,6",64,84,42,"5,0","8,6"
2020-05-08,"20,0","0,0","15,9","24,2",69,90,48,"4,7","11,1"
2020-05-09,"18,6","6,3","16,7","20,5",80,96,71,"5,0","0,0"
2020-05-10,"17,8","4,0","15,0","20,5",87,97,69,"5,8","1,1"
2020-05-11,"18,6","0,0","14,7","22,5",66,86,52,"7,8","10,4"
2020-05-12,"18,1","0,9","16,0","20,2",76,86,69,"7,2","4,3"
2020-05-13,"18,8","0,0","15,5","22,2",70,92,51,"6,9","11,6"
2020-05-14,"16,1","4,5","13,7","18,5",90,95,75,"5,0","0,1"
2020-05-15,"17,6","0,0","13,7","21,5",72,92,47,"3,3","7,4"
2020-05-16,"19,2","1,4","15,8","22,6",72,93,53,"4,2","5,9"
2020-05-17,"18,7","0,0","14,4","23,0",72,92,50,"6,1","7,1"
2020-05-18,"19,0","0,0","15,0","22,9",71,92,48,"4,2","12,5"
2020-05-19,"21,9","0,0","16,3","27,5",61,87,35,"4,4","13,0"
2020-05-20,"21,6","0,0","17,2","26,1",66,93,37,"3,9","12,9"
2020-05-21,"22,0","0,0","17,5","26,4",51,92,38,"5,8","12,6"
2020-05-22,"21,9","0,0","17,4","26,4",70,87,49,"3,9","13,0"
2020-05-23,"21,9","0,0","17,5","26,3",62,85,43,"5,0","11,8"
2020-05-24,"20,8","0,0","18,6","23,1",69,88,56,"4,7","8,1"
2020-05-25,"21,2","0,0","18,5","24,0",67,82,45,"5,0","9,5"
2020-05-26,"22,0","0,0","17,7","26,4",54,84,37,"4,4","12,7"
2020-05-27,"21,6","0,0","18,7","24,6",53,88,40,"7,5","12,9"
2020-05-28,"20,7","0,0","18,3","23,1",72,88,64,"3,1","11,6"
2020-05-29,"20,9","4,5","16,8","25,0",61,91,50,"4,2","9,1"
2020-05-30,"20,4","0,0","17,2","23,5",72,91,62,"3,3","10,0"
2020-05-31,"20,5",Ip,"16,7","24,3",67,90,48,"3,6","10,5"
2020-06-01,"21,4","0,3","18,2","24,7",70,90,60,"3,6","5,7"
2020-06-02,"20,6","0,0","16,8","24,4",74,91,63,"3,6","8,2"
2020-06-03,"22,1","7,3","19,1","25,1",76,94,60,"5,3","8,1"
2020-06-04,"19,2","0,2","15,6","22,8",73,95,48,"5,6","3,2"
2020-06-05,"20,0","0,0","14,3","25,8",57,83,40,"5,0","12,4"
2020-06-06,"20,2","0,2","16,4","24,1",73,90,65,"3,6","10,2"
2020-06-07,"19,7","18,2","16,8","22,6",69,93,60,"4,7","3,5"
2020-06-08,"18,1","1,3","14,8","21,4",59,92,45,"4,2","4,9"
2020-06-09,"18,4","17,4","14,4","22,4",71,95,45,"4,4","7,4"
2020-06-10,"18,3","0,2","14,4","22,2",68,95,49,"4,4","9,2"
2020-06-11,"20,5","0,0","17,4","23,6",79,93,67,"3,6","1,1"
2020-06-12,"22,0","0,0","19,0","25,1",54,93,41,"6,1","11,2"
2020-06-13,"21,7","0,0","16,8","26,6",58,81,39,"7,2","10,3"
2020-06-14,"20,6","0,0","16,6","24,5",71,90,59,"5,3","10,9"
2020-06-15,"21,2","0,0","18,1","24,3",68,86,56,"5,3","12,0"
2020-06-16,"20,8","0,3","18,3","23,3",68,89,55,"4,2","2,1"
2020-06-17,"20,3","5,4","16,8","23,8",64,89,50,"4,2","7,4"
2020-06-18,"18,8","2,9","15,9","21,6",80,95,65,"5,0","6,9"
2020-06-19,"20,4","0,0","17,2","23,6",66,85,51,"3,6","6,6"
2020-06-20,"21,8","0,0","18,4","25,3",76,93,64,"4,4","10,8"
2020-06-21,"22,8","0,0","19,7","26,0",77,91,66,"4,2","11,8"
2020-06-22,"23,8","0,0","20,1","27,5",69,94,57,"2,8","12,1"
2020-06-23,"23,4","0,0","20,5","26,3",72,93,68,"5,0","12,4"
2020-06-24,"23,6","0,0","19,7","27,4",70,94,60,"3,1","11,4"
2020-06-25,"24,8","0,0","21,1","28,5",62,86,38,"3,3","11,6"
2020-06-26,"25,0","0,0","21,1","28,9",58,81,34,"3,3","11,7"
2020-06-27,"24,6","0,0","21,8","27,4",71,81,64,"3,6","9,9"
2020-06-28,"25,4","0,0","21,9","28,9",73,89,53,"4,2","12,2"
2020-06-29,"25,3","0,0","22,1","28,5",72,87,64,"3,3","10,0"
2020-06-30,"25,7","0,0","23,3","28,1",71,87,66,"3,1","8,4"
2020-07-01,"26,2","0,0","21,9","30,4",66,90,48,"3,9","12,0"
2020-07-02,"26,2","51,7","23,5","28,8",70,88,56,"4,4","11,1"
2020-07-03,"22,6","6,8","19,3","25,8",73,100,57,"5,3","4,9"
2020-07-04,"23,2","0,0","20,0","26,3",56,92,50,"5,0","11,4"
2020-07-05,"24,2","0,0","20,0","28,5",66,84,52,"6,4","12,6"
2020-07-06,"25,9","0,0","21,9","29,9",63,89,48,"3,1","12,7"
2020-07-07,"24,9","0,0","22,6","27,2",62,89,52,"4,4","10,2"
2020-07-08,"25,2","0,0","21,6","28,8",67,87,44,"3,9","11,7"
2020-07-09,"25,4","0,0","21,6","29,1",63,84,44,"3,6","8,6"
2020-07-10,"26,4","0,0","22,7","30,0",56,76,32,"4,4","7,7"
2020-07-11,"24,8",Ip,"21,0","28,7",65,79,52,"4,2","11,9"
2020-07-12,"25,0","0,0","22,0","28,1",63,84,49,"3,3","4,5"
2020-07-13,"25,8","0,3","23,1","28,5",66,80,52,"3,6","6,8"
2020-07-14,"25,2","0,0","21,7","28,7",61,80,41,"4,4","8,1"
2020-07-15,"24,6","51,6","20,8","28,4",58,79,42,"4,4","9,5"
2020-07-16,"22,7","0,1","19,6","25,8",78,100,63,"3,3","2,9"
2020-07-17,"25,0","0,7","22,6","27,3",63,84,52,"3,9","7,4"
2020-07-18,"25,2","0,0","22,3","28,2",67,92,49,"4,2","10,1"
2020-07-19,"25,2",Ip,"21,8","28,5",70,87,62,"5,3","12,9"
2020-07-20,"25,2","0,0","21,6","28,8",71,88,58,"3,3","7,5"
2020-07-21,"25,0","0,0","21,7","28,4",68,84,62,"3,3","12,5"
2020-07-22,"25,8","0,0","21,4","30,2",67,80,42,"3,9","9,0"
2020-07-23,"26,8","0,0","22,8","30,8",54,80,36,"3,3","10,4"
2020-07-24,"26,8","0,0","23,6","30,0",65,80,47,"4,4","10,3"
2020-07-25,"26,8","0,0","23,9","29,7",69,84,48,"4,2","12,0"
2020-07-26,"26,0","0,0","23,0","29,0",71,87,66,"3,3","11,8"
2020-07-27,"26,4","0,0","22,9","30,0",69,89,60,"4,7","12,1"
2020-07-28,"26,9","0,0","23,8","30,0",69,89,51,"4,2","8,3"
2020-07-29,"26,6","0,0","22,8","30,5",65,85,53,"3,9","8,0"
2020-07-30,"27,4","0,0","23,1","31,6",50,81,32,"3,9","11,6"
2020-07-31,"27,4","0,0","23,6","31,1",67,90,47,"4,2","8,9"
2020-08-01,"28,0","0,0","23,9","32,1",63,86,45,"3,6","12,0"
2020-08-02,"28,4","3,1","25,2","31,5",59,87,42,"5,8","9,7"
2020-08-03,"23,2","0,1","18,9","27,5",64,88,42,"3,9","7,5"
2020-08-04,"25,0","0,0","22,3","27,7",71,85,51,"3,9","9,0"
2020-08-05,"25,0","0,0","21,0","29,0",68,82,51,"4,4","11,3"
2020-08-06,"26,2","0,0","22,0","30,4",70,84,51,"5,6","13,0"
2020-08-07,"25,9","0,0","21,9","29,9",65,86,61,"6,1","12,6"
2020-08-08,"26,7","0,0","22,8","30,6",62,84,55,"6,4","10,6"
2020-08-09,"27,9","0,0","23,9","31,9",55,84,44,"3,1","10,6"
2020-08-10,"27,2","0,0","23,3","31,0",66,86,46,"5,0","8,3"
2020-08-11,"27,5","0,0","23,5","31,5",69,83,48,"3,9","5,9"
2020-08-12,"28,2","0,0","25,2","31,3",72,87,56,"5,0","9,1"
2020-08-13,"27,3","0,0","24,1","30,5",72,88,60,"4,4","9,3"
2020-08-14,"27,4","0,0","25,0","29,7",68,82,53,"3,6","6,3"
2020-08-15,"26,4","0,0","22,8","30,0",70,86,59,"4,7","10,2"
2020-08-16,"27,0","0,0","23,8","30,2",73,85,51,"4,7","8,9"
2020-08-17,"26,0","0,0","22,6","29,3",67,80,52,"3,9","11,0"
2020-08-18,"27,1","0,0","24,9","29,3",63,81,46,"4,2","1,9"
2020-08-19,"26,2","0,0","22,1","30,4",69,85,60,"5,6","12,3"
2020-08-20,"27,0","0,0","23,1","30,8",70,86,58,"4,2","12,2"
2020-08-21,"27,6","0,0","23,8","31,3",72,86,59,"3,6","9,2"
2020-08-22,"27,8",Ip,"24,7","30,8",67,86,50,"4,4","11,2"
2020-08-23,"26,6","1,2","23,6","29,7",71,86,52,"4,4","4,2"
2020-08-24,"25,5","0,0","22,4","28,6",66,89,58,"4,2","4,9"
2020-08-25,"26,3","0,0","21,8","30,8",71,83,64,"6,1","11,1"
2020-08-26,"27,1","0,0","23,5","30,7",75,90,62,"4,7","11,5"
2020-08-27,"27,0","0,0","23,3","30,7",74,87,62,"3,9","10,5"
2020-08-28,"26,4","13,5","22,4","30,4",73,88,60,"4,2","8,0"
2020-08-29,"21,1","1,8","17,8","24,4",72,96,51,"2,8","1,7"
2020-08-30,"20,8","2,8","16,1","25,4",59,91,44,"4,7","11,9"
2020-08-31,"20,8","0,0","15,7","26,0",54,87,42,"5,6","12,3"
2020-09-01,"22,1","1,3","17,3","26,9",62,85,53,"3,1","7,6"
2020-09-02,"22,9","0,0","19,2","26,6",64,87,48,"5,3","10,8"
2020-09-03,"23,5","0,0","19,3","27,7",68,84,56,"3,9","10,1"
2020-09-04,"24,4","0,0","20,3","28,4",69,87,55,"4,7","11,8"
2020-09-05,"24,2","0,0","20,5","28,0",70,87,57,"3,9","10,7"
2020-09-06,"24,4","62,7","18,9","30,0",62,100,40,"3,9","11,1"
2020-09-07,"20,6","9,7","16,7","24,4",70,99,50,"4,4","4,3"
2020-09-08,"21,3","34,9","15,8","26,8",58,89,40,"5,8","0,5"
2020-09-09,"20,6","25,1","17,3","23,8",90,100,67,"3,6","1,4"
2020-09-10,"22,0","2,0","17,3","26,6",81,93,55,"5,0","8,1"
2020-09-11,"24,0","0,0","19,2","28,8",64,87,40,"3,3","10,6"
2020-09-12,"24,8","0,0","20,0","29,7",66,83,40,"3,9","11,1"
2020-09-13,"25,4","0,0","20,5","30,4",58,79,33,"3,3","11,5"
2020-09-14,"24,5","0,0","19,4","29,6",76,90,38,"3,9","10,8"
2020-09-15,"23,8","0,0","19,8","27,7",76,88,68,"3,9","9,4"
2020-09-16,"24,2","0,0","20,7","27,8",79,91,62,"4,4","9,6"
2020-09-17,"24,9","0,0","21,0","28,8",77,90,52,"4,7","1,3"
2020-09-18,"23,5","11,3","20,1","26,9",79,96,60,"4,2","0,8"
2020-09-19,"24,0","0,0","20,3","27,7",79,94,64,"4,2","8,0"
2020-09-20,"23,1",Ip,"18,8","27,4",59,78,48,"5,0","10,9"
2020-09-21,"22,4","6,0","19,7","25,1",84,93,69,"3,6","3,4"
2020-09-22,"22,4","0,0","18,4","26,3",73,89,62,"4,2","9,8"
2020-09-23,"22,3","0,0","17,6","27,0",72,88,58,"5,8","10,3"
2020-09-24,"23,6","0,0","19,5","27,8",66,82,47,"5,6","5,0"
2020-09-25,"18,8","0,0","14,9","22,7",35,53,27,"9,7","11,2"
2020-09-26,"18,2","0,0","13,3","23,2",52,63,37,"4,4","9,3"
2020-09-27,"17,5","0,0","12,8","22,2",47,82,24,"3,1","3,2"
2020-09-28,"18,3","0,0","13,6","23,0",57,77,41,"4,4","11,0"
2020-09-29,"19,0","0,0","14,2","23,9",68,82,48,"3,9","8,7"
2020-09-30,"19,0","0,0","14,2","23,7",75,89,58,"4,7","9,7"
2020-10-01,"21,2","0,0","16,6","25,9",77,90,54,"6,4","7,6"
2020-10-02,"16,9","0,3","12,1","21,7",74,93,52,"4,4","0,0"
2020-10-03,"16,3","0,0","12,1","20,5",46,61,34,"8,3","8,3"
2020-10-04,"17,0","0,0","11,2","22,9",47,69,31,"6,4","8,6"
2020-10-05,"17,2","0,0","10,9","23,5",52,78,29,"3,9","10,3"
2020-10-06,"18,3","0,0","12,2","24,4",60,86,38,"6,1","9,3"
2020-10-07,"21,2","0,0","18,0","24,3",70,82,46,"3,3","3,6"
2020-10-08,"21,0","1,6","18,4","23,5",85,97,74,"3,6","6,6"
2020-10-09,"20,8","0,0","17,2","24,3",86,94,75,"4,4","5,2"
2020-10-10,"18,9","74,5","14,0","23,8",90,96,75,"4,2","0,6"
2020-10-11,"17,0","0,4","12,6","21,4",57,97,31,"4,2","9,4"
2020-10-12,"17,5","0,0","11,4","23,6",48,80,22,"4,4","10,3"
2020-10-13,"16,7","3,1","12,3","21,1",53,80,35,"3,3","10,1"
2020-10-14,"14,3",Ip,"9,3","19,3",65,96,46,"3,3","5,4"
2020-10-15,"13,2","0,0","7,8","18,7",60,84,40,"5,0","7,9"
2020-10-16,"13,2","0,0","7,9","18,5",56,75,35,"3,9","10,1"
2020-10-17,"13,3","0,0","7,3","19,3",57,75,37,"4,2","9,4"
2020-10-18,"15,1","0,0","8,9","21,3",70,85,52,"3,6","8,3"
2020-10-19,"16,0","0,0","10,5","21,5",74,89,60,"4,4","5,1"
2020-10-20,"18,6","0,0","14,9","22,3",81,94,66,"4,7","3,5"
2020-10-21,"20,8","0,0","17,3","24,2",85,96,69,"3,3","2,5"
2020-10-22,"20,0","1,2","17,2","22,9",84,93,71,"4,7","0,0"
2020-10-23,"19,8","0,0","14,7","25,0",70,95,33,"3,6","8,7"
2020-10-24,"16,4","0,0","11,7","21,2",64,79,48,"6,1","8,7"
2020-10-25,"18,0","0,1","13,4","22,5",63,80,39,"3,9","3,9"
2020-10-26,"16,6","0,0","12,8","20,4",46,82,34,"4,2","7,0"
2020-10-27,"15,7","0,0","11,6","19,8",54,73,36,"2,8","5,8"
2020-10-28,"16,0","0,0","11,4","20,5",66,83,48,"5,0","3,0"
2020-10-29,"16,5","0,0","11,8","21,2",78,85,67,"4,7","5,7"
2020-10-30,"16,3","0,0","11,7","20,9",79,92,56,"4,4","7,1"
2020-10-31,"15,9","0,0","11,0","20,8",79,94,64,"6,1","7,6"
2020-11-01,"16,2","0,0","11,5","21,0",84,97,73,"4,4","6,7"
2020-11-02,"16,6","0,0","12,5","20,6",84,93,73,"4,7","7,8"
2020-11-03,"17,4","6,9","13,9","20,8",84,98,69,"3,6","0,3"
2020-11-04,"13,0","0,0","11,3","14,6",85,97,73,"4,7","0,0"
2020-11-05,"14,8","1,4","10,7","18,9",74,90,66,"7,8","2,8"
2020-11-06,"18,0","0,0","16,9","19,0",86,91,81,"9,4","0,0"
2020-11-07,"16,6","3,3","13,2","20,1",90,97,84,"4,7","0,2"
2020-11-08,"16,4",Ip,"12,1","20,7",83,99,60,"2,5","5,2"
2020-11-09,"15,0","0,0","10,4","19,5",81,92,63,"4,2","5,2"
2020-11-10,"16,0","0,0","10,8","21,2",75,89,56,"3,3","6,3"
2020-11-11,"15,0","0,0","10,3","19,8",78,90,58,"5,0","6,8"
2020-11-12,"15,3","0,0","10,8","19,8",82,94,65,"3,1","4,0"
2020-11-13,"15,8","0,0","10,6","21,1",76,92,54,"2,5","3,2"
2020-11-14,"16,2","0,0","10,8","21,6",79,92,59,"4,2","5,3"
2020-11-15,"16,7","0,0","12,7","20,7",77,93,66,"4,4","5,8"
2020-11-16,"16,9","1,8","14,9","18,9",76,93,57,"2,8","0,6"
2020-11-17,"15,3","0,0","11,2","19,4",79,93,58,"2,8","5,4"
2020-11-18,"14,4","0,0","9,8","19,1",83,94,66,"3,1","5,7"
2020-11-19,"15,6","0,0","10,4","20,9",77,97,55,"4,2","6,0"
2020-11-20,"12,8","0,0","8,3","17,3",61,78,46,"3,1","1,0"
2020-11-21,"10,6","0,0","5,7","15,6",58,79,33,"4,2","4,5"
2020-11-22,"10,2","0,0","4,6","15,8",71,88,50,"3,1","5,9"
2020-11-23,"11,6","0,0","5,9","17,3",73,87,57,"4,7","5,7"
2020-11-24,"12,0","0,0","6,4","17,6",75,91,60,"3,1","4,9"
2020-11-25,"14,6","0,0","10,1","19,1",79,93,62,"3,9","2,4"
2020-11-26,"15,4","0,4","11,6","19,2",83,92,69,"5,3","0,6"
2020-11-27,"15,6","32,5","13,2","17,9",89,96,77,"10,8","0,2"
2020-11-28,"13,5","4,7","11,5","15,5",87,99,78,"6,4","0,0"
2020-11-29,"15,6","0,0","11,3","19,8",70,91,39,"2,5","5,3"
2020-11-30,"13,3","0,0","9,2","17,4",84,95,67,"3,3","5,5"
2020-12-01,"11,4","1,6","7,8","14,9",78,90,66,"4,7","3,0"
2020-12-02,"10,4","0,0","6,4","14,5",63,85,37,"4,4","3,8"
2020-12-03,"8,8","0,0","4,6","13,0",64,81,52,"4,4","5,0"
2020-12-04,"9,4","0,0","4,8","14,1",61,84,41,"4,7","1,9"
2020-12-05,"7,4","0,0","2,5","12,2",58,81,42,"4,2","2,6"
2020-12-06,"9,6","0,0","5,5","13,7",58,76,46,"4,7","4,5"
2020-12-07,"10,7","1,6","8,1","13,3",67,84,57,"4,4","0,2"
2020-12-08,"8,4","0,0","5,4","11,3",69,86,45,"3,6","1,0"
2020-12-09,"10,0","0,0","5,5","14,4",59,74,33,"3,6","4,1"
2020-12-10,"11,0","0,7","6,2","15,8",61,85,49,"5,3","3,6"
2020-12-11,"11,2","0,3","7,3","15,0",90,97,77,"2,5","0,0"
2020-12-12,"13,0","0,0","8,1","17,8",53,90,44,"4,4","5,3"
2020-12-13,"11,1","0,0","6,4","15,8",70,87,53,"3,6","4,7"
2020-12-14,"10,9","0,0","7,1","14,7",81,94,71,"2,2","0,0"
2020-12-15,"13,8","0,0","9,7","17,8",87,95,69,"3,9","3,5"
2020-12-16,"11,7","0,0","6,8","16,6",80,91,55,"3,1","5,2"
2020-12-17,"12,4","21,0","8,5","16,2",83,95,63,"5,0","1,2"
2020-12-18,"14,0","0,2","11,5","16,6",97,99,90,"2,2","0,0"
2020-12-19,"13,2","0,0","10,2","16,2",87,99,72,"3,6","3,9"
2020-12-20,"13,2","0,0","9,7","16,7",79,94,58,"3,3","3,7"
2020-12-21,"11,5","0,0","7,4","15,6",81,89,61,"3,9","5,0"
2020-12-22,"11,8","0,0","7,5","16,1",80,91,69,"5,6","4,9"
2020-12-23,"12,6","0,0","9,1","16,1",87,97,79,"3,9","0,0"
2020-12-24,"11,2","0,0","7,8","14,7",78,99,61,"2,8","0,4"
2020-12-25,"9,5","0,0","6,0","13,0",45,81,18,"5,8","3,0"
2020-12-26,"8,9","0,0","3,6","14,2",34,68,20,"1,7","5,2"
2020-12-27,"6,7","0,0","2,3","11,1",65,77,37,"5,6","2,3"
2020-12-28,"10,8","0,0","7,5","14,1",44,66,32,"6,9","4,6"
2020-12-29,"10,4","0,0","6,3","14,4",46,63,32,"6,7","4,8"
2020-12-30,"9,2","0,0","5,1","13,3",51,67,36,"6,1","5,4"
2020-12-31,"8,7","0,0","3,6","13,8",64,81,41,"4,2","5,1"
2021-01-01,"6,9","10,1","5,3","8,5",79,94,64,"2,8","0,2"
2021-01-02,"6,2","0,0","2,7","9,7",66,79,53,"4,2","3,8"
2021-01-03,"5,6","0,0","1,4","9,7",54,78,32,"3,6","3,8"
2021-01-04,"5,9","0,0","0,5","11,3",60,80,33,"3,6","4,5"
2021-01-05,"5,4","0,0","0,6","10,1",68,83,48,"3,1","4,4"
2021-01-06,"5,0","0,7","-0,5","10,6",72,83,46,"3,3","5,4"
2021-01-07,"5,2","0,0","2,7","7,6",76,88,60,"3,6","0,0"
2021-01-08,"4,3","5,7","1,2","7,4",68,80,38,"4,4","0,4"
2021-01-09,"5,4","14,4","2,5","8,2",90,99,41,"11,1","0,0"
2021-01-10,"6,5","7,4","4,9","8,1",84,94,64,"4,2","0,0"
2021-01-11,"5,4","0,0","2,3","8,6",68,86,55,"4,7","4,6"
2021-01-12,"5,4","0,0","1,8","9,1",60,75,46,"6,1","5,6"
2021-01-13,"7,3","0,0","3,3","11,3",68,78,55,"6,1","5,8"
2021-01-14,"7,6","0,0","4,6","10,5",71,82,57,"5,8","5,9"
2021-01-15,"8,5","0,0","4,1","12,9",75,90,52,"5,0","2,0"
2021-01-16,"8,2","0,0","2,9","13,5",63,89,47,"3,3","5,9"
2021-01-17,"10,0","0,0","4,7","15,4",58,87,36,"3,1","5,9"
2021-01-18,"9,6","0,4","6,3","12,8",80,87,69,"3,1","0,7"
2021-01-19,"9,1","0,0","3,7","14,5",84,89,72,"5,0","5,0"
2021-01-20,"10,9","0,0","7,8","14,0",82,90,74,"4,4","0,1"
2021-01-21,"10,8","0,5","6,4","15,3",82,94,60,"3,9","4,3"
2021-01-22,"12,8","4,5","8,9","16,7",60,85,44,"8,9","2,1"
2021-01-23,"11,7","0,0","7,1","16,3",49,72,38,"6,9","3,9"
2021-01-24,"13,2","0,0","9,3","17,2",57,79,34,"6,4","6,0"
2021-01-25,"12,2","0,0","9,5","14,9",70,78,54,"4,7","0,1"
2021-01-26,"10,6","0,0","8,0","13,3",80,92,59,"3,6","3,5"
2021-01-27,"11,4","0,0","5,8","16,9",69,86,53,"2,8","6,1"
2021-01-28,"13,0","0,0","7,5","18,5",83,94,63,"2,5","4,6"
2021-01-29,"15,2","0,0","9,2","21,3",75,97,52,"5,3","5,4"
2021-01-30,"14,6",Ip,"9,2","20,0",63,98,34,"4,2","3,4"
2021-01-31,"14,9","0,3","11,1","18,7",52,72,39,"5,6","3,8"
2021-02-01,"16,6","0,0","12,3","20,9",45,78,32,"5,8","7,4"
2021-02-02,"14,8","0,0","11,2","18,5",69,87,46,"4,2","7,1"
2021-02-03,"14,0","0,0","9,7","18,2",78,94,54,"4,2","5,3"
2021-02-04,"12,2","0,0","9,9","14,5",86,91,81,"2,8","1,8"
2021-02-05,"13,6","0,0","11,5","15,7",82,92,69,"6,1","3,8"
2021-02-06,"14,0","0,4","11,7","16,2",87,96,69,"5,3","0,8"
2021-02-07,"11,0","0,0","7,9","14,1",65,82,50,"3,6","3,6"
2021-02-08,"12,2","1,0","9,2","15,1",79,92,52,"5,8","1,5"
2021-02-09,"11,8","0,1","8,0","15,5",72,85,52,"5,6","1,3"
2021-02-10,"13,2","0,1","10,3","16,1",55,82,46,"5,6","4,4"
2021-02-11,"11,2","0,0","6,9","15,6",69,83,47,"4,7","8,3"
2021-02-12,"13,0",,"9,0","17,0",82,95,58,"3,3","0,0"
2021-02-13,"11,6","0,0","7,5","15,7",86,98,60,"3,9","7,4"
2021-02-14,"10,6","0,4","8,2","13,0",78,95,63,"5,8","0,0"
2021-02-15,"10,1","1,1","8,1","12,1",77,97,66,"1,4","0,0"
2021-02-16,"12,0","0,0","9,0","15,1",81,92,70,"8,1","4,3"
2021-02-17,"12,5","0,0","8,5","16,5",86,94,67,"5,3","7,6"
2021-02-18,"11,5","0,0","8,4","14,6",83,94,70,"2,8","3,7"
2021-02-19,"10,7","0,0","8,1","13,3",87,95,75,"4,2","4,1"
2021-02-20,"11,6","0,0","8,4","14,9",79,94,67,"3,1","0,1"
2021-02-21,"12,4","0,0","10,0","14,8",84,89,77,"13,1","0,6"
2021-02-22,"13,3","9,1","11,7","14,9",93,98,79,"2,5","0,0"
2021-02-23,"15,7","0,0","12,9","18,5",83,97,58,"3,1","6,2"
2021-02-24,"13,8","0,0","10,5","17,0",83,93,65,"1,7","8,4"
2021-02-25,"13,3","0,0","10,1","16,5",82,94,66,"4,2","8,1"
2021-02-26,"12,2","0,0","8,8","15,7",78,94,63,"2,8","2,8"
2021-02-27,"11,9","0,0","8,1","15,7",81,91,63,"5,3","7,0"
2021-02-28,"12,8","0,0","9,6","15,9",78,91,58,"4,4","9,4"
2021-03-01,"14,0","0,0","12,5","15,6",71,89,57,"6,7","0,9"
2021-03-02,"13,9","0,0","12,5","15,3",79,93,70,"7,5","0,0"
2021-03-03,"13,2","0,0","10,9","15,4",84,92,73,"3,6","0,3"
2021-03-04,"13,0","0,0","10,0","16,0",84,92,66,"2,8","2,9"
2021-03-05,"11,8","0,0","9,1","14,6",84,93,75,"3,1","0,0"
2021-03-06,"12,2","0,0","10,0","14,4",74,90,62,"4,7","0,7"
2021-03-07,"12,4","0,7","10,5","14,2",82,90,75,"3,9","0,0"
2021-03-08,"11,4","0,0","9,4","13,5",85,93,71,"2,8","0,0"
2021-03-09,"11,5","0,0","8,0","15,0",75,89,55,"3,1","4,4"
2021-03-10,"10,9","0,0","6,5","15,3",65,85,41,"6,1","10,5"
2021-03-11,"11,5","0,0","6,8","16,2",81,91,65,"6,4","9,5"
2021-03-12,"12,6","0,0","9,4","15,7",76,93,63,"3,9","2,9"
2021-03-13,"12,4","0,0","8,4","16,5",72,93,51,"6,7","10,3"
2021-03-14,"12,0","0,0","7,9","16,1",66,88,44,"3,9","8,3"
2021-03-15,"12,4","0,0","7,9","16,8",62,84,44,"4,7","10,9"
2021-03-16,"11,8","0,0","7,6","16,1",67,89,43,"3,9","10,9"
2021-03-17,"12,6","0,0","8,0","17,1",69,86,44,"5,3","8,0"
2021-03-18,"11,4","8,3","7,4","15,3",65,95,42,"4,4","5,9"
2021-03-19,"8,8","1,3","6,1","11,6",79,94,58,"3,3","1,4"
2021-03-20,"9,2","0,0","4,4","14,1",45,86,29,"8,6","10,4"
2021-03-21,"9,4","0,0","4,1","14,7",60,86,36,"4,4","11,2"
2021-03-22,"12,0","0,0","6,7","17,3",59,88,38,"4,4","10,5"
2021-03-23,"11,9","0,0","7,7","16,1",74,90,46,"4,2","10,8"
2021-03-24,,"0,0",,,,,,,
2021-03-25,,"0,0",,,,,,,"6,2"
2021-03-26,"14,2","0,0","11,6","16,9",79,88,67,"3,6","4,0"
2021-03-27,"13,9","0,0","10,9","16,9",77,92,64,"2,5","5,8"
2021-03-28,"13,4","0,0","9,4","17,5",78,91,55,"3,6",
2021-03-29,"13,6","0,0","8,5","18,8",54,87,30,"5,0","11,0"
2021-03-30,"13,2","0,0","9,4","17,1",73,93,58,"3,9","10,8"
2021-03-31,"13,3","0,0","8,8","17,8",71,85,49,"3,9","10,4"
2021-04-01,"13,8","0,0","7,9","19,6",49,71,34,"3,6","10,5"
2021-04-02,"15,4","0,0","10,8","20,1",59,67,36,"6,4","10,9"
2021-04-03,"17,0","0,0","12,2","21,8",63,79,38,"4,2","10,8"
2021-04-04,"14,8","0,0","11,3","18,4",61,83,42,"3,6","6,7"
2021-04-05,"14,6","0,0","10,8","18,3",68,92,49,"8,1","10,5"
2021-04-06,"13,6","0,0","10,6","16,6",62,91,44,"4,4","4,8"
2021-04-07,"11,1","0,0","8,3","13,9",52,81,41,"3,3","5,7"
2021-04-08,"12,0","0,0","8,4","15,6",56,74,42,"5,0","10,9"
2021-04-09,"11,8","0,0","8,0","15,6",71,84,57,"4,2","1,3"
2021-04-10,"12,7","0,0","10,6","14,8",83,95,75,"2,8","0,0"
2021-04-11,"13,0","5,6","10,0","16,1",88,95,82,"3,1","0,4"
2021-04-12,"12,5","1,5","9,4","15,6",67,96,45,"5,3","7,9"
2021-04-13,"12,2","0,0","8,7","15,7",68,85,51,"3,6","3,4"
2021-04-14,"12,3","0,0","9,5","15,1",61,86,52,"5,3","3,7"
2021-04-15,"12,6","0,0","9,3","15,9",55,80,37,"6,1","8,3"
2021-04-16,"12,2","0,7","8,4","15,9",51,89,30,"5,8","5,6"
2021-04-17,"11,8","0,0","7,4","16,2",58,87,27,"3,6","7,8"
2021-04-18,"11,8","0,0","6,9","16,8",53,80,28,"5,3","11,2"
2021-04-19,"12,8","0,0","8,6","17,1",70,85,60,"5,3","9,7"
2021-04-20,"15,0","1,3","11,7","18,3",73,87,60,"5,3","2,4"
2021-04-21,"13,6","0,0","11,7","15,5",82,95,67,"5,6","1,1"
2021-04-22,"13,8","0,0","10,3","17,2",70,86,53,"4,7","2,4"
2021-04-23,"13,7","0,0","8,9","18,5",60,89,44,"3,1",
2021-04-24,"13,8","0,0","9,4","18,2",70,80,58,"3,3","9,7"
2021-04-25,"16,4","0,0","12,3","20,5",62,76,46,"6,4","7,1"
2021-04-26,"16,0","2,0","12,8","19,1",70,90,29,"4,4","0,0"
2021-04-27,"15,2","0,0","12,0","18,4",74,88,60,"3,1","5,7"
2021-04-28,"16,6","0,0","14,3","18,9",78,89,62,"2,5","5,3"
2021-04-29,"17,2","0,0","15,1","19,3",84,93,75,"4,7","6,5"
2021-04-30,"17,7","22,2","15,0","20,4",82,89,68,"4,4","2,3"
2021-05-01,"15,8","4,1","12,8","18,7",79,97,54,"3,6","5,0"
2021-05-02,"13,4","1,1","10,6","16,2",66,90,54,"5,3","5,3"
2021-05-03,"13,8","0,0","9,7","17,9",64,80,34,"4,2","11,5"
2021-05-04,"14,4","0,0","10,0","18,7",62,89,42,"5,3","11,8"
2021-05-05,"16,6","0,0","12,8","20,4",71,92,55,"3,3","11,8"
2021-05-06,"17,6","0,0","14,7","20,5",78,93,65,"7,5","9,6"
2021-05-07,"17,6","0,0","14,3","20,8",77,92,59,"3,9","8,4"
2021-05-08,"18,6","0,0","14,8","22,3",74,90,57,"4,7","12,6"
2021-05-09,"17,8","0,0","14,1","21,6",79,94,65,"5,8","6,0"
2021-05-10,"18,0","5,1","15,5","20,5",78,95,50,"3,6","4,6"
2021-05-11,"18,1","0,0","12,2","24,0",46,81,21,"6,1","9,2"
2021-05-12,"16,6","0,0","11,3","21,8",57,83,38,"6,9","8,2"
2021-05-13,"17,8","1,7","14,3","21,3",56,92,36,"7,8","8,8"
2021-05-14,"18,3","0,0","14,6","22,0",62,91,38,"5,0","7,5"
2021-05-15,"17,8","0,0","13,7","21,8",71,87,55,"6,7","6,7"
2021-05-16,"21,0","0,0","15,7","26,2",64,85,44,"6,7","3,0"
2021-05-17,"17,4","0,0","14,8","19,9",69,90,56,"4,2","7,8"
2021-05-18,"18,8","0,6","16,3","21,2",79,91,73,"7,5","8,3"
2021-05-19,"17,5","0,6","15,3","19,7",74,92,64,"4,7","6,4"
2021-05-20,"18,2","0,0","15,8","20,7",74,93,36,"5,6","11,3"
2021-05-21,"18,4","0,0","15,6","21,3",80,94,68,"5,0","10,2"
2021-05-22,"17,0","0,0","14,8","19,2",69,90,63,"4,7","4,2"
2021-05-23,"16,2","1,0","14,5","18,0",66,79,58,"3,3","0,0"
2021-05-24,"18,6","0,0","15,2","21,9",65,91,42,"6,7","11,4"
2021-05-25,"17,8","0,0","16,3","19,3",66,77,55,"3,3","4,7"
2021-05-26,"17,0","0,0","13,5","20,5",68,83,60,"3,9","9,1"
2021-05-27,"19,0","0,0","15,5","22,5",73,90,59,"3,9","11,3"
2021-05-28,"20,0","0,0","16,0","24,1",64,90,43,"3,9","11,5"
2021-05-29,"20,1","0,0","15,4","24,8",52,77,36,"4,2","11,7"
2021-05-30,"22,2","0,0","19,5","24,9",67,82,50,"4,2","6,8"
2021-05-31,"21,9","0,0","19,3","24,5",62,85,45,"2,5","4,8"
2021-06-01,"20,8","0,2","17,6","23,9",73,94,51,"3,3","4,7"
2021-06-02,"21,0","0,0","18,2","23,9",72,91,62,"5,0","11,7"
2021-06-03,"21,8","0,0","19,5","24,0",76,89,64,"4,7","6,7"
2021-06-04,"22,2","0,0","20,4","24,1",74,88,57,"6,4","4,3"
2021-06-05,"21,9","0,0","19,1","24,7",66,87,58,"2,5","7,2"
2021-06-06,"22,5","0,0","19,3","25,7",59,76,44,"5,8","7,2"
2021-06-07,"20,8","0,0","17,4","24,3",67,90,45,"3,6","12,3"
2021-06-08,"21,6","0,0","17,9","25,4",70,91,53,"4,4","11,6"
2021-06-09,"22,8","0,0","18,1","27,4",60,91,42,"2,2","10,6"
2021-06-10,"24,4","0,0","19,4","29,4",43,72,28,"5,6","11,6"
2021-06-11,"25,4","0,0","20,9","29,8",43,67,29,"4,2","9,2"
2021-06-12,"26,4","0,0","20,6","32,2",47,79,26,"4,7","12,2"
2021-06-13,"27,0","0,0","23,1","31,0",53,63,31,"5,0","12,3"
2021-06-14,"26,8","0,0","23,1","30,4",54,71,35,"4,7","11,9"
2021-06-15,"27,2","0,0","21,8","32,5",45,74,28,"3,1","11,0"
2021-06-16,"27,2","0,0","24,2","30,2",54,79,30,"4,7","5,6"
2021-06-17,"24,6","0,3","21,9","27,4",80,91,59,"7,5","2,1"
2021-06-18,"24,6","0,0","20,0","29,3",70,86,47,"4,7","10,3"
2021-06-19,"24,8","0,1","22,6","27,1",77,89,62,"4,2","1,2"
2021-06-20,"25,0","0,0","22,0","28,1",65,79,45,"5,8","4,3"
2021-06-21,"24,8","0,0","21,4","28,2",53,84,36,"4,7","11,9"
2021-06-22,"24,0","0,3","21,9","26,0",61,82,36,"4,4","11,4"
2021-06-23,"22,0","2,4","17,6","26,3",60,88,44,"4,7","6,1"
2021-06-24,"22,0","0,0","18,0","25,9",48,76,34,"4,2","11,8"
2021-06-25,"22,6","0,0","18,8","26,3",68,82,58,"5,6","11,8"
2021-06-26,"23,2","0,0","19,7","26,7",72,87,62,"4,2","8,9"
2021-06-27,"24,0","0,0","21,0","27,0",66,88,57,"3,6","11,0"
2021-06-28,"23,6","0,0","20,1","27,2",69,83,62,"3,6","9,8"
2021-06-29,"24,0","0,0","21,8","26,3",65,76,59,"4,2","8,2"
2021-06-30,"24,8","0,0","23,0","26,5",63,80,55,"5,0","9,0"
2021-07-01,"24,6","0,0","21,9","27,4",69,84,62,"5,0","11,3"
2021-07-02,"24,3","0,0","20,1","28,5",66,84,55,"5,0","12,4"
2021-07-03,"25,2","0,0","21,7","28,6",69,88,59,"4,4","9,6"
2021-07-04,"25,2","0,0","21,8","28,6",71,88,61,"5,0","9,0"
2021-07-05,"24,5","0,0","20,8","28,2",67,85,57,"4,7","12,3"
2021-07-06,,"0,0",,,76,,,"4,7","4,9"
2021-07-07,"25,0","0,0","22,8","27,3",59,77,42,"4,7","4,9"
2021-07-08,"24,8","0,0","22,0","27,6",52,78,30,"5,8","9,7"
2021-07-09,"24,4","0,0","20,9","27,9",58,75,51,"6,1","12,0"
2021-07-10,"24,7","0,0","20,9","28,5",66,79,57,"5,8","12,3"
2021-07-11,"25,0","0,0","21,4","28,5",66,87,55,"2,8","8,2"
2021-07-12,"25,8","0,0","22,4","29,1",67,86,31,"5,6","4,0"
2021-07-13,"22,9","0,0","18,3","27,5",40,62,30,"6,9","8,3"
2021-07-14,"22,6","2,1","18,9","26,4",53,80,41,"6,4","10,6"
2021-07-15,"24,0","0,0","20,8","27,1",63,82,52,"4,7","11,8"
2021-07-16,"24,5","0,0","21,5","27,5",65,87,49,"5,0","11,6"
2021-07-17,"24,6","0,0","21,3","28,0",69,87,47,"4,7","11,5"
2021-07-18,"25,0","0,0","21,2","28,9",68,81,53,"4,2","12,4"
2021-07-19,"26,4","0,0","22,4","30,4",53,86,44,"5,6","12,3"
2021-07-20,"26,2","0,0","22,8","29,7",68,89,58,"4,7","11,1"
2021-07-21,"26,6","0,0","23,9","29,2",68,88,57,"3,9","12,2"
2021-07-22,"26,4","0,0","22,3","30,5",71,91,50,"5,6","12,1"
2021-07-23,"26,5","0,0","22,5","30,5",62,79,47,"3,3","10,4"
2021-07-24,"26,4","0,0","23,8","28,9",62,78,57,"5,6","10,3"
2021-07-25,"26,8","0,0","23,3","30,2",61,74,45,"4,4","11,2"
2021-07-26,"26,6","0,0","23,0","30,1",56,72,37,"4,4","1,3"
2021-07-27,"25,6","0,0","22,0","29,2",61,78,47,"5,0","12,3"
2021-07-28,"25,6","0,0","23,0","28,2",70,79,54,"6,4","10,7"
2021-07-29,"25,2","0,0","21,9","28,5",67,83,52,"5,0","12,1"
2021-07-30,"26,7","0,0","23,3","30,1",71,84,64,"3,1","9,2"
2021-07-31,,,,,63,,,"3,1","3,7"
2021-08-01,,"0,0",,,,,,,"9,9"
2021-08-02,"23,8","0,0","19,7","27,8",66,79,53,"3,9","10,3"
2021-08-03,"24,8","0,0","21,1","28,6",66,84,55,"5,6","10,5"
2021-08-04,"25,0",Ip,"20,9","29,1",71,82,64,"6,1","3,8"
2021-08-05,"24,8","0,0","20,8","28,9",71,85,59,"5,8","10,5"
2021-08-06,"26,0","0,0","24,1","27,8",73,91,56,"6,4","4,8"
2021-08-07,"26,8","0,0","24,0","29,7",71,86,56,"5,0","7,7"
2021-08-08,"24,2","0,0","21,7","26,6",58,69,53,"4,7","9,5"
2021-08-09,"24,0",Ip,"20,2","27,7",58,71,42,"3,3","3,3"
2021-08-10,"26,0","0,0","21,2","30,9",55,74,31,"3,3","3,0"
2021-08-11,"27,4","0,0","23,0","31,8",50,67,27,"3,9","2,3"
2021-08-12,"27,5","0,0","24,2","30,8",66,90,42,"3,3","7,7"
2021-08-13,"27,8","0,0","23,1","32,5",63,85,31,"3,6","10,2"
2021-08-14,"28,1","0,0","23,7","32,5",57,90,35,"4,7","8,5"
2021-08-15,"27,9","0,0","25,4","30,4",75,91,60,"3,9","6,3"
2021-08-16,"27,1","0,0","24,6","29,6",67,83,50,"5,0","8,2"
2021-08-17,"25,0","0,0","21,6","28,3",51,78,39,"5,8","8,7"
2021-08-18,"24,8","0,0","21,3","28,2",56,74,40,"4,7","11,1"
2021-08-19,"23,9","0,0","20,8","27,0",74,85,63,"3,3","2,0"
2021-08-20,"25,5","0,0","21,9","29,1",72,84,61,"3,9","11,1"
2021-08-21,"26,4","0,0","23,3","29,4",74,85,68,"5,3","10,9"
2021-08-22,"26,0","0,0","22,2","29,9",71,80,56,"3,6","11,0"
2021-08-23,"25,4","2,1","22,4","28,4",68,83,61,"4,2","4,4"
2021-08-24,"25,4","0,3","22,8","28,0",67,88,54,"3,1","3,5"
2021-08-25,"24,2","0,0","21,1","27,3",69,78,48,"3,1","7,2"
2021-08-26,"24,1","0,0","19,4","28,8",72,90,57,"6,4","9,4"
2021-08-27,"26,8","0,0","23,7","29,9",74,85,57,"3,1","10,0"
2021-08-28,"24,9","0,0","22,6","27,2",57,77,51,"4,7","5,7"
2021-08-29,"24,8","0,0","22,4","27,3",57,74,50,"3,9","7,4"
2021-08-30,"23,0","6,3","20,9","25,0",80,91,69,"3,3","0,1"
2021-08-31,"23,8",Ip,"20,6","26,9",74,90,60,"5,8","7,0"
2021-09-01,"23,4","1,6","21,3","25,6",67,78,50,"5,3","1,1"
2021-09-02,"23,6","0,2","19,5","27,7",72,83,59,"9,4","2,4"
2021-09-03,"24,4","0,0","20,5","28,2",68,81,55,"3,3","9,3"
2021-09-04,"24,3","0,0","20,8","27,8",73,84,62,"3,6","6,7"
2021-09-05,"25,2","0,0","21,5","29,0",76,89,66,"5,3","11,0"
2021-09-06,"25,8","0,0","22,5","29,2",76,88,69,"3,3","8,3"
2021-09-07,"26,0","0,1","23,2","28,7",75,90,61,"3,1","3,0"
2021-09-08,"25,7","0,0","21,8","29,6",77,87,50,"5,0","8,6"
2021-09-09,"25,6","0,0","22,3","29,0",68,84,52,"5,6","7,2"
2021-09-10,"24,4","7,0","20,2","28,6",76,88,48,"3,6","4,8"
2021-09-11,"23,4","0,0","19,2","27,6",71,87,53,"4,7","8,5"
2021-09-12,"25,6","0,0","22,2","28,9",77,86,57,"3,9","5,4"
2021-09-13,"25,6","0,0","22,1","29,0",79,90,66,"5,3","4,7"
2021-09-14,"26,9","0,0","24,3","29,5",79,88,66,"3,3","6,0"
2021-09-15,"26,6","5,4","23,8","29,4",74,86,56,"5,3","8,0"
2021-09-16,"24,2","2,8","21,2","27,3",72,89,57,"3,6",
2021-09-17,"23,6","0,0","19,3","27,8",65,86,50,"6,7","7,9"
2021-09-18,"23,6","0,9","20,4","26,8",78,93,64,"5,6","2,9"
2021-09-19,"21,5","0,0","17,1","25,9",52,86,39,"5,3","11,5"
2021-09-20,"21,6","11,8","16,9","26,3",70,91,39,"5,3","7,6"
2021-09-21,"19,8",Ip,"16,7","23,0",59,82,49,"2,8","0,3"
2021-09-22,"21,4","5,6","17,8","25,1",61,71,46,"6,9","1,9"
2021-09-23,"21,5","1,6","17,4","25,6",71,90,46,"5,8","4,8"
2021-09-24,"21,6","0,0","17,8","25,4",72,84,51,"6,1","0,2"
2021-09-25,"24,8","0,1","21,6","28,0",81,91,59,"3,1","6,0"
2021-09-26,"24,7","0,0","20,3","29,1",63,92,38,"5,0","7,2"
2021-09-27,"23,0","0,0","18,6","27,5",65,87,53,"3,9","10,5"
2021-09-28,"22,4","0,0","18,6","26,2",70,83,59,"5,6","9,4"
2021-09-29,"22,6","0,4","19,8","25,5",72,86,60,"3,1","5,3"
2021-09-30,"21,6","0,0","18,6","24,7",71,86,55,"5,3","7,4"
2021-10-01,"20,8","0,0","16,3","25,3",73,85,59,"3,9","9,0"
2021-10-02,"21,6","0,1","17,9","25,3",75,87,63,"4,7","9,0"
2021-10-03,"22,1","20,7","17,5","26,7",76,93,55,"6,4","3,6"
2021-10-04,"16,9","2,8","14,3","19,5",81,94,69,"1,9","0,4"
2021-10-05,"18,6","0,0","12,5","24,6",62,90,41,"5,6","9,4"
2021-10-06,"19,4","0,0","16,4","22,4",68,84,53,"3,9","5,4"
2021-10-07,"18,4","0,0","14,2","22,6",65,85,46,"4,4","10,3"
2021-10-08,"18,9","0,0","14,9","22,9",65,82,46,"3,3","9,0"
2021-10-09,"18,8","0,0","16,2","21,3",77,86,66,"2,8","0,5"
2021-10-10,"19,3","0,0","16,3","22,3",65,85,51,"3,1","2,0"
2021-10-11,"18,6","0,0","13,3","23,8",70,86,46,"4,2","10,1"
2021-10-12,"18,2","0,0","12,9","23,4",60,81,45,"3,9","9,8"
2021-10-13,"18,0","0,0","13,5","22,5",59,78,49,"3,9","7,7"
2021-10-14,"18,4","0,0","15,1","21,6",63,82,47,"3,9","6,6"
2021-10-15,"19,4","0,0","14,9","23,9",71,88,63,"5,0","3,4"
2021-10-16,"19,4","0,0","16,0","22,8",72,88,58,"3,1","5,6"
2021-10-17,"18,6","0,0","15,0","22,2",75,88,64,"3,1","7,1"
2021-10-18,"20,4","0,0","16,2","24,5",78,90,64,"3,1","7,2"
2021-10-19,"20,4","0,0","16,7","24,1",78,90,68,"5,3","7,9"
2021-10-20,"21,0","0,0","17,8","24,1",69,85,60,"5,6","5,5"
2021-10-21,"19,6","0,8","16,4","22,7",73,87,69,"3,1","1,1"
2021-10-22,"17,8","0,0","14,6","21,0",71,85,56,"2,5","1,1"
2021-10-23,"16,4","0,0","11,9","20,8",65,82,39,"3,1","8,1"
2021-10-24,"16,9","0,0","10,8","23,0",67,80,40,"4,2","9,1"
2021-10-25,"16,4","0,0","11,5","21,3",74,88,58,"3,1","8,1"
2021-10-26,"17,6","0,0","12,8","22,4",72,89,50,"4,7","8,5"
2021-10-27,"16,2","0,0","11,5","21,0",67,85,53,"4,4","6,2"
2021-10-28,"16,1","0,5","11,4","20,8",72,87,53,"3,9","8,0"
2021-10-29,"18,1","19,4","13,6","22,6",78,94,64,"3,9","1,9"
2021-10-30,,"1,6",,,,,,,"0,1"
2021-10-31,"20,0","1,4","16,3","23,6",78,93,60,"3,3","4,7"
2021-11-01,"20,4","0,0","15,8","25,0",54,95,32,"4,4","4,7"
2021-11-02,"16,4","0,0","12,6","20,2",53,76,38,"3,3","3,5"
2021-11-03,"14,2","0,0","10,6","17,8",63,80,42,"2,8","2,5"
2021-11-04,"13,3","10,3","8,4","18,2",69,88,50,"3,1","4,7"
2021-11-05,"11,6","0,0","6,9","16,3",70,83,49,"3,9","6,8"
2021-11-06,"12,4","0,0","5,9","19,0",47,72,26,"3,6","7,7"
2021-11-07,"12,8","0,0","6,8","18,9",50,64,31,"3,6","7,0"
2021-11-08,"13,9","0,0","8,9","18,9",60,82,36,"3,3","7,3"
2021-11-09,"13,2","1,0","9,2","17,2",57,86,34,"4,4","0,6"
2021-11-10,"14,2","10,0","11,9","16,5",79,94,62,"4,7","0,0"
2021-11-11,"15,7","4,3","12,8","18,6",83,93,68,"9,7","0,2"
2021-11-12,"17,1","0,4","14,1","20,1",69,84,54,"3,9","1,1"
2021-11-13,"17,2","0,0","13,9","20,5",67,85,52,"3,1","3,6"
2021-11-14,"14,8","7,3","11,0","18,7",73,91,59,"3,9","5,8"
2021-11-15,"12,8",Ip,"9,9","15,6",74,93,56,"2,8","1,2"
2021-11-16,"11,3","1,7","9,8","12,8",75,86,65,"5,3","0,0"
2021-11-17,"12,6","0,0","8,4","16,7",70,84,54,"3,9","6,2"
2021-11-18,"12,3","0,0","7,5","17,1",66,83,47,"3,9","4,1"
2021-11-19,"12,0","0,0","6,7","17,2",74,87,59,"3,1","6,0"
2021-11-20,"11,7","0,0","7,3","16,1",72,87,59,"2,5","1,6"
2021-11-21,"14,3","0,0","10,5","18,1",80,90,48,"3,6","2,2"
2021-11-22,"12,6","0,8","8,9","16,3",77,84,54,"5,3","5,2"
2021-11-23,"14,0","33,9","11,7","16,3",77,93,65,"9,2","0,1"
2021-11-24,"12,6","50,6","9,7","15,5",80,92,65,"6,4","0,2"
2021-11-25,"9,8",Ip,"5,9","13,6",82,97,69,"3,6","0,2"
2021-11-26,"10,8","0,0","6,7","14,9",67,78,52,"4,4","5,6"
2021-11-27,"10,2","0,0","5,6","14,8",56,81,46,"4,7","3,1"
2021-11-28,"8,6","0,0","5,4","11,9",54,70,41,"5,6","3,6"
2021-11-29,"9,9","0,0","4,9","14,9",60,74,38,"4,7","5,8"
2021-11-30,"10,8","0,0","6,3","15,4",71,84,56,"3,1","2,1"
2021-12-01,"11,0","0,5","6,3","15,8",71,86,52,"4,4","3,7"
2021-12-02,"11,2","0,0","7,5","14,8",61,81,26,"3,3","4,5"
2021-12-03,"9,5","0,0","4,9","14,1",62,74,38,"3,6","5,6"
2021-12-04,"13,4","0,0","6,9","19,8",57,83,40,"5,8","5,6"
2021-12-05,"10,4","0,0","7,7","13,2",51,65,40,"6,7","4,3"
2021-12-06,"10,3","0,0","4,7","15,9",51,82,31,"3,1","4,7"
2021-12-07,"11,3","0,0","6,4","16,2",75,89,50,"4,4","5,1"
2021-12-08,"11,2","0,0","7,8","14,7",39,90,30,"6,7","4,8"
2021-12-09,"9,8","0,0","6,3","13,4",54,73,36,"5,8","3,0"
2021-12-10,"13,4","0,0","8,4","18,5",48,79,40,"6,7","1,2"
2021-12-11,"10,0","0,0","5,1","15,0",72,84,55,"3,1","4,8"
2021-12-12,"12,4","0,0","8,0","16,8",73,82,55,"3,1","5,3"
2021-12-13,"11,3","0,0","5,9","16,7",82,92,66,"4,7","3,4"
2021-12-14,"10,6","0,0","5,5","15,6",80,90,56,"3,6","5,2"
2021-12-15,"12,3","0,0","5,8","18,8",63,84,36,"2,5","5,3"
2021-12-16,"10,3","0,0","5,0","15,6",75,91,55,"3,9","4,7"
2021-12-17,"10,8","0,0","7,5","14,1",73,87,65,"3,3","2,7"
2021-12-18,"10,6","0,0","5,5","15,7",76,88,57,"2,8","5,1"
2021-12-19,"9,4","0,0","4,6","14,2",82,88,64,"4,2","4,6"
2021-12-20,"9,6","0,0","3,9","15,2",67,77,53,"5,3","5,1"
2021-12-21,"8,9","0,0","4,3","13,5",78,90,61,"4,2","2,4"
2021-12-22,"10,4","0,2","8,6","12,2",84,95,76,"3,6","0,0"
2021-12-23,"12,8","0,0","10,3","15,3",90,96,82,"3,6","0,0"
2021-12-24,"13,4","0,1","10,6","16,2",86,93,76,"3,9","0,1"
2021-12-25,"13,4","0,0","9,5","17,4",87,94,67,"2,8","0,8"
2021-12-26,"13,4","0,0","9,1","17,7",71,84,54,"4,2","4,5"
2021-12-27,"16,4","0,0","10,6","22,2",56,86,35,"5,0","3,7"
2021-12-28,"17,7","0,0","14,2","21,2",53,68,42,"4,4","2,0"
2021-12-29,"17,0","0,0","13,2","20,9",60,75,47,"3,9","3,7"
2021-12-30,"15,8","0,0","11,0","20,6",70,85,52,"2,8","4,5"
2021-12-31,"13,6","0,0","8,8","18,4",76,93,56,"3,3","5,4"
2022-01-01,"11,9","0,0","7,5","16,3",86,96,70,"2,5","4,2"
2022-01-02,"11,4","0,0","7,8","15,0",79,91,71,"3,3","0,4"
2022-01-03,"11,7","0,0","8,7","14,7",85,95,78,"6,1","2,5"
2022-01-04,"14,0","13,9","9,5","18,5",83,93,63,"2,8","4,9"
2022-01-05,"10,0","0,2","5,8","14,2",74,96,48,"2,8","0,1"
2022-01-06,"7,3","0,0","2,2","12,4",49,69,26,"5,8","5,6"
2022-01-07,"7,8","0,0","2,7","12,8",58,75,40,"2,5","5,6"
2022-01-08,"9,4","0,0","5,4","13,4",69,80,47,"3,1","0,4"
2022-01-09,"12,8","0,0","8,9","16,6",56,70,44,"6,1","4,2"
2022-01-10,"11,3","0,1","9,8","12,8",86,90,70,"3,9","0,0"
2022-01-11,"11,0","0,0","6,9","15,0",85,93,68,"5,6","5,6"
2022-01-12,"9,2","0,0","5,3","13,1",71,87,56,"3,1","2,5"
2022-01-13,"7,6","0,0","2,5","12,8",67,86,41,"2,8","5,8"
2022-01-14,"8,0","0,0","2,0","14,1",63,85,42,"3,3","4,4"
2022-01-15,"7,5","0,0","1,3","13,7",55,76,33,"4,2","5,9"
2022-01-16,"8,0","0,0","1,7","14,3",52,66,28,"3,6","5,9"
2022-01-17,"8,9","0,0","2,4","15,4",53,66,31,"4,2","6,0"
2022-01-18,"8,1","0,0","3,0","13,2",69,89,41,"4,2","5,8"
2022-01-19,"8,3","0,0","3,2","13,4",71,88,51,"2,8","2,3"
2022-01-20,"8,4","0,0","3,1","13,7",67,79,52,"4,4","5,6"
2022-01-21,"7,4","0,0","3,4","11,4",66,82,53,"4,2","0,8"
2022-01-22,"7,3","0,0","2,1","12,5",55,77,41,"2,8","5,5"
2022-01-23,"7,4","0,0","1,6","13,2",68,85,49,"3,3","6,2"
2022-01-24,"8,6","0,0","2,3","15,0",70,87,52,"2,5","5,9"
2022-01-25,"8,6","0,0","2,7","14,6",73,91,51,"3,3","6,4"
2022-01-26,"8,8","0,0","3,4","14,3",70,89,48,"4,4","6,7"
2022-01-27,"10,0","0,0","4,3","15,7",69,89,32,"3,6","6,8"
2022-01-28,"10,4","0,0","3,8","17,0",47,65,34,"3,9","6,9"
2022-01-29,"11,2","0,0","5,4","16,9",59,77,34,"4,2","7,0"
2022-01-30,"10,8","0,0","4,8","16,7",60,79,40,"4,7","7,1"
2022-01-31,"11,8","0,0","6,6","16,9",64,87,35,"3,6","7,0"
2022-02-01,"10,4","0,0","5,1","15,6",63,87,35,"2,8","7,4"
2022-02-02,"13,6","0,0","8,4","18,7",67,86,36,"3,3","7,2"
2022-02-03,"11,2","0,0","6,0","16,3",77,96,39,"5,0","7,8"
2022-02-04,"11,3","0,0","7,3","15,3",78,90,59,"3,6","0,8"
2022-02-05,"12,9","0,0","9,5","16,3",75,88,65,"2,8","0,2"
2022-02-06,"11,7","0,0","7,4","16,0",58,84,42,"4,2","4,6"
2022-02-07,"10,8","0,0","5,6","16,1",61,77,40,"3,9","8,1"
2022-02-08,"11,4","0,0","6,8","16,0",73,89,57,"4,2","5,1"
2022-02-09,"11,0","0,0","7,0","15,0",78,92,64,"5,0","8,0"
2022-02-10,"10,0","0,0","4,9","15,1",76,89,61,"4,2","8,0"
2022-02-11,"12,0","0,0","6,6","17,3",65,87,46,"2,8","5,7"
2022-02-12,"11,2","4,4","8,9","13,4",81,86,66,"3,1","0,0"
2022-02-13,"13,0","0,1","9,8","16,1",80,92,67,"4,7","3,0"
2022-02-14,"13,4","0,0","8,8","18,1",56,94,27,"3,9","6,5"
2022-02-15,"13,0","0,0","7,6","18,5",51,82,24,"3,3","7,8"
2022-02-16,"12,0","0,0","8,2","15,9",59,83,44,"4,2","1,5"
2022-02-17,"14,3","0,0","8,7","19,9",67,82,45,"5,3","8,9"
2022-02-18,"12,8","0,0","8,6","17,1",85,92,59,"6,1","9,0"
2022-02-19,"10,4","0,1","7,1","13,6",72,91,55,"2,2","0,0"
2022-02-20,"11,2","0,0","6,8","15,5",65,88,49,"5,0","9,9"
2022-02-21,"14,0","0,0","7,2","20,8",65,83,33,"4,2","10,0"
2022-02-22,"13,0","0,0","8,4","17,5",62,83,38,"5,3","9,6"
2022-02-23,"11,8","0,0","7,0","16,6",75,88,59,"4,7","8,9"
2022-02-24,"13,0","0,0","9,3","16,7",81,88,65,"3,3","5,9"
2022-02-25,"12,6","0,1","9,3","15,9",74,87,59,"3,6","0,4"
2022-02-26,"10,8","0,0","8,3","13,2",57,93,33,"4,4","0,5"
2022-02-27,"10,4","0,0","5,7","15,0",65,85,46,"3,6","8,9"
2022-02-28,"12,5","0,0","9,7","15,3",67,77,57,"3,9","4,5"
2022-03-01,"12,2","0,0","7,0","17,4",66,85,46,"5,3","9,7"
2022-03-02,"12,0","0,0","8,0","15,9",81,90,72,"3,9","0,3"
2022-03-03,"13,0","0,0","8,8","17,2",71,89,49,"5,0","9,9"
2022-03-04,"12,9","0,0","8,5","17,3",74,87,47,"4,2","1,2"
2022-03-05,"13,6","12,2","10,3","16,8",55,71,40,"4,2","5,9"
2022-03-06,"11,3","0,2","9,3","13,3",74,93,57,"2,8","0,2"
2022-03-07,"11,0","0,0","7,9","14,0",68,84,53,"3,6","3,0"
2022-03-08,"9,6","4,7","6,4","12,7",84,90,73,"2,8","0,0"
2022-03-09,"11,8","0,5","8,3","15,4",78,92,64,"3,3","6,8"
2022-03-10,"12,2","0,0","8,7","15,7",81,92,69,"4,7","2,9"
2022-03-11,"12,7","19,7","9,9","15,5",77,91,67,"2,2","0,4"
2022-03-12,"13,0","9,3","10,3","15,6",87,96,72,"4,2","1,2"
2022-03-13,"12,4","0,4","8,4","16,5",81,90,70,"2,5","2,4"
2022-03-14,"13,4","0,1","11,8","15,0",82,87,60,"12,8","0,0"
2022-03-15,"14,6","0,0","13,7","15,6",87,91,81,"12,5","0,0"
2022-03-16,"14,8","0,0","13,7","16,0",81,89,58,"11,4","0,3"
2022-03-17,"15,3",Ip,"13,6","17,0",74,85,57,"9,7","0,0"
2022-03-18,"15,0","1,3","13,1","16,9",59,77,47,"10,3","0,0"
2022-03-19,"12,0",Ip,"10,0","14,0",76,88,59,"9,2","0,0"
2022-03-20,"12,8","0,2","9,7","15,8",82,88,73,"5,0","1,6"
2022-03-21,"14,2","1,6","12,0","16,5",72,90,60,"8,6","3,2"
2022-03-22,"12,7",Ip,"10,2","15,2",66,89,44,"8,3","5,6"
2022-03-23,"11,6","3,7","8,4","14,8",66,88,51,"6,7","2,4"
2022-03-24,"12,0","0,0","9,7","14,3",64,77,48,"6,7","0,0"
2022-03-25,"14,4","0,0","11,8","17,1",58,82,27,"8,9","4,8"
2022-03-26,"12,8","2,3","11,4","14,1",69,82,57,"6,7","0,0"
2022-03-27,"15,6","0,0","10,8","20,3",58,78,30,"6,1","6,0"
2022-03-28,"14,0","0,0","8,9","19,1",55,85,32,"3,3","6,9"
2022-03-29,"13,0","0,9","10,4","15,7",72,86,55,"7,2","0,0"
2022-03-30,"13,0","5,3","10,8","15,2",85,92,51,"3,1","1,9"
2022-03-31,"13,2","0,0","9,6","16,8",72,93,53,"5,0","6,1"
2022-04-01,"10,9","0,0","6,0","15,8",21,88,10,"7,2","11,6"
2022-04-02,"11,0","0,0","4,7","17,2",40,60,16,"7,8","11,1"
2022-04-03,"7,3","0,7","5,6","9,0",60,79,35,"3,6","0,6"
2022-04-04,"8,2","0,0","3,6","12,7",53,83,33,"5,6","9,6"
2022-04-05,"10,1","0,0","5,1","15,1",53,69,32,"4,7","9,4"
2022-04-06,,"0,0",,,58,,,"5,6","6,0"
2022-04-07,,"0,0",,,,,,,
2022-04-08,,"0,0",,,,,,,
2022-04-09,"16,6","0,0","13,2","19,9",64,76,39,"5,6","9,1"
2022-04-10,"14,0","0,0","10,8","17,2",68,82,53,"3,9","5,2"
2022-04-11,"13,4","0,0","9,4","17,5",75,85,61,"7,8","6,9"
2022-04-12,"15,1","0,2","13,8","16,4",79,92,71,"10,0","0,2"
2022-04-13,"13,7","5,1","12,8","14,6",90,95,77,"10,0","0,0"
2022-04-14,"16,6","0,0","11,2","21,9",48,87,24,"6,9","8,6"
2022-04-15,"19,6","0,0","14,1","25,2",46,67,31,"4,7","10,5"
2022-04-16,"20,1","0,0","14,9","25,3",55,83,42,"6,1","11,3"
2022-04-17,"17,8","0,0","13,4","22,2",64,82,41,"5,6","11,9"
2022-04-18,"15,5","0,0","11,8","19,2",73,87,53,"3,1","9,7"
2022-04-19,"15,6","0,5","11,5","19,7",67,86,47,"2,5","0,8"
2022-04-20,,"6,8",,,75,,,"11,9","0,6"
2022-04-21,,"12,7",,,88,,,"1,9","0,0"
2022-04-22,"14,2","0,0","10,2","18,1",76,92,50,"4,7","8,1"
2022-04-23,"14,7","0,6","11,4","18,0",72,91,45,"5,0","4,0"
2022-04-24,"17,4","0,0","12,2","22,6",55,80,44,"5,3","11,8"
2022-04-25,"15,6","0,0","11,6","19,7",75,87,54,"4,2","12,4"
2022-04-26,"15,4","0,0","10,3","20,4",61,80,40,"3,3","12,1"
2022-04-27,,"0,0",,,59,,,"2,5","3,0"
2022-04-28,,"0,0",,,57,,,,
2022-04-29,"18,8","0,0","14,1","23,5",57,78,40,"4,7","11,0"
2022-04-30,"18,0",Ip,"15,1","20,9",66,80,53,"3,6","8,1"
2022-05-01,"18,2","0,0","14,6","21,7",64,86,51,"3,6","9,9"
2022-05-02,"18,2","0,0","15,8","20,7",67,75,42,"3,3","0,6"
2022-05-03,,"0,2",,,72,,,"6,1","4,0"
2022-05-04,,"0,0",,,,,,,
2022-05-05,,"1,8",,,,,,,"4,0"
2022-05-06,"17,2","0,0","12,4","21,9",58,82,41,"4,2","12,7"
2022-05-07,"18,6","0,0","13,8","23,3",63,91,34,"4,2","10,0"
2022-05-08,"18,5","0,0","13,9","23,1",54,82,42,"2,5","8,4"
2022-05-09,"19,4","0,0","14,8","23,9",55,83,37,"3,3","9,6"
2022-05-10,"18,6","0,0","14,5","22,7",58,86,41,"5,0","11,7"
2022-05-11,"18,3","0,0","14,7","21,9",75,90,63,"5,8","12,0"
2022-05-12,"18,8","0,0","14,6","23,1",64,83,45,"3,1","11,8"
2022-05-13,"18,3","0,0","14,2","22,4",66,90,48,"3,3","11,6"
2022-05-14,"20,2","0,0","15,9","24,4",54,80,40,"3,6","12,1"
2022-05-15,"21,0","0,0","16,9","25,1",62,83,38,"3,9","9,8"
2022-05-16,"21,0","0,0","17,3","24,6",63,90,40,"2,5","10,5"
2022-05-17,"20,7","0,0","16,9","24,5",71,91,56,"3,9","12,4"
2022-05-18,"23,2","0,0","18,6","27,8",73,92,50,"3,6","12,0"
2022-05-19,"22,4","0,0","20,0","24,9",77,91,66,"4,4","11,0"
2022-05-20,"22,3","0,0","18,6","26,0",63,84,46,"3,3","11,6"
2022-05-21,"23,5","0,0","18,8","28,2",51,73,40,"5,8","11,8"
2022-05-22,"23,1","0,0","18,8","27,4",66,87,49,"4,7","11,2"
2022-05-23,"22,2","0,0","19,2","25,1",71,79,53,"5,3","10,9"
2022-05-24,"19,4","24,2","15,9","22,9",74,93,62,"3,9","0,1"
2022-05-25,"18,6","0,0","14,4","22,8",59,92,40,"3,3","0,3"
2022-05-26,"21,4","0,0","17,8","24,9",49,77,32,"5,0","12,2"
2022-05-27,"21,6","0,0","18,2","25,0",56,77,42,"5,8","7,5"
2022-05-28,"24,5","0,0","19,7","29,3",51,77,36,"5,8","12,5"
2022-05-29,"22,2","0,0","19,3","25,1",62,88,49,"3,9","11,6"
2022-05-30,"21,0","0,0","18,4","23,5",54,70,36,"4,4","10,3"
2022-05-31,"21,1","0,0","17,8","24,4",58,84,38,"2,5","12,6"
2022-06-01,"21,3","0,0","18,2","24,4",73,89,62,"3,9","12,1"
2022-06-02,"21,6","0,0","18,7","24,5",63,90,48,"5,0","9,8"
2022-06-03,"23,3","0,0","20,0","26,6",81,92,51,"4,4","7,1"
2022-06-04,"23,7","0,0","20,0","27,4",76,92,50,"3,9","10,6"
2022-06-05,"23,8","0,0","20,1","27,5",68,90,52,"3,3","11,8"
2022-06-06,"23,8","0,0","20,9","26,6",72,87,60,"4,4","10,7"
2022-06-07,"23,8","0,0","20,4","27,1",68,81,57,"3,1","11,5"
2022-06-08,"23,8","0,0","21,1","26,5",67,81,60,"4,4","5,4"
2022-06-09,"23,0","0,0","20,1","26,0",62,79,46,"4,7","11,7"
2022-06-10,"22,6","0,0","19,1","26,1",73,85,67,"6,1","12,4"
2022-06-11,"24,4","0,0","20,6","28,3",71,89,48,"4,4","11,8"
2022-06-12,"25,4","0,0","21,9","28,9",63,91,43,"5,0","10,0"
2022-06-13,"26,0","0,0","21,1","31,0",47,92,31,"3,9","11,5"
2022-06-14,"25,3","0,5","21,6","29,0",53,80,30,"4,2","7,0"
2022-06-15,"26,8","0,0","23,4","30,1",59,78,29,"4,2","8,1"
2022-06-16,"26,0","0,0","21,3","30,6",54,80,37,"3,1","10,4"
2022-06-17,"28,4","0,0","24,0","32,9",33,56,24,"2,5","11,0"
2022-06-18,"27,6","0,0","24,2","31,0",66,85,36,"4,7","11,0"
2022-06-19,"26,4","0,0","24,0","28,8",69,85,65,"6,9","11,2"
2022-06-20,"26,3","0,0","23,6","29,0",71,89,62,"2,8","8,0"
2022-06-21,"26,4","3,8","22,1","30,6",68,89,47,"3,3","2,1"
2022-06-22,"24,8","0,2","21,5","28,2",76,88,64,"4,7","8,2"
2022-06-23,"25,0","0,0","22,2","27,8",66,87,60,"5,3","11,5"
2022-06-24,"25,6","0,0","21,0","30,1",57,82,32,"7,8","12,1"
2022-06-25,"24,5","0,0","21,3","27,7",66,83,53,"2,8","12,1"
2022-06-26,"24,7","0,0","22,4","27,0",75,85,65,"5,6","10,0"
2022-06-27,"25,6",Ip,"22,9","28,3",65,86,47,"3,9","4,9"
2022-06-28,"24,6","0,0","21,4","27,7",58,78,47,"7,8","12,6"
2022-06-29,"23,8","0,0","19,7","28,0",66,84,57,"4,2","12,1"
2022-06-30,"24,8","0,0","21,3","28,3",70,81,54,"3,9","9,3"
2022-07-01,"23,7","0,0","21,2","26,2",51,73,38,"4,7","11,0"
2022-07-02,"23,8","0,0","20,0","27,6",55,75,39,"3,3","11,2"
2022-07-03,"25,9","0,0","21,7","30,1",49,78,24,"4,7","8,8"
2022-07-04,"27,2","0,0","22,5","31,9",49,76,23,"3,6","11,6"
2022-07-05,"27,0","2,1","23,2","30,8",52,77,41,"4,2","9,6"
2022-07-06,"25,9","0,5","22,8","29,0",69,86,45,"4,4","2,0"
2022-07-07,"25,8","0,0","22,5","29,2",61,72,48,"6,9","11,5"
2022-07-08,"25,5","0,0","22,2","28,8",53,77,44,"5,0","11,6"
2022-07-09,"26,0","0,0","22,3","29,8",58,76,35,"3,3","12,5"
2022-07-10,"26,8","0,0","23,0","30,5",62,83,38,"4,2","12,4"
2022-07-11,"26,4","0,0","23,0","29,9",54,83,33,"3,3","12,2"
2022-07-12,"26,6","0,0","22,6","30,7",55,76,45,"2,5","12,7"
2022-07-13,"27,2","0,0","23,6","30,7",60,85,37,"3,1","12,8"
2022-07-14,"26,6","0,0","22,9","30,4",64,82,50,"4,2","12,4"
2022-07-15,"28,4","0,0","23,6","33,3",56,73,35,"3,9","12,2"
2022-07-16,"28,8","0,0","25,1","32,4",43,70,34,"3,6","11,9"
2022-07-17,"28,1","0,0","24,3","31,9",45,77,30,"3,6","11,1"
2022-07-18,"26,6","0,0","23,3","30,0",72,84,46,"3,9","11,8"
2022-07-19,"27,0","0,0","23,4","30,7",71,86,55,"2,5","11,3"
2022-07-20,"27,5","0,0","24,0","31,0",64,79,46,"4,7","11,1"
2022-07-21,"27,9","0,0","24,2","31,6",63,81,55,"5,0","12,1"
2022-07-22,"27,8","0,0","23,6","31,9",68,82,59,"5,3","11,5"
2022-07-23,"27,4","0,0","24,3","30,6",69,84,64,"3,9","9,4"
2022-07-24,"28,2","0,0","24,8","31,6",71,86,57,"5,0","12,0"
2022-07-25,"27,8","0,0","24,5","31,1",62,80,46,"6,4","6,5"
2022-07-26,"28,0","0,7","25,0","31,0",60,80,41,"5,8","9,8"
2022-07-27,"26,6","0,4","23,2","30,1",72,87,47,"3,9","4,5"
2022-07-28,"27,8","0,0","24,4","31,3",69,89,51,"2,8","6,7"
2022-07-29,"27,8","0,0","24,5","31,0",69,83,54,"5,6","4,9"
2022-07-30,"27,8","0,0","24,6","31,0",58,79,45,"4,2","8,3"
2022-07-31,"28,3","0,0","24,4","32,2",58,75,47,"4,4","11,8"
2022-08-01,"29,0","0,0","24,8","33,3",58,79,43,"5,3","11,4"
2022-08-02,"29,6","0,0","26,7","32,5",65,75,49,"4,4","11,6"
2022-08-03,"28,8","0,0","25,2","32,3",64,78,44,"4,2","12,4"
2022-08-04,"28,8","0,0","25,6","31,9",61,83,49,"4,4","12,0"
2022-08-05,"27,2","13,5","22,2","32,3",71,88,45,"4,2","8,9"
2022-08-06,"28,2","0,0","22,7","33,6",61,79,32,"4,7","10,2"
2022-08-07,"28,0","0,0","24,4","31,7",54,64,42,"2,8","8,8"
2022-08-08,"27,2","0,0","22,5","31,8",53,75,37,"3,6","12,3"
2022-08-09,"28,2","0,0","24,2","32,1",52,72,44,"3,1","11,3"
2022-08-10,"28,2","0,0","24,0","32,5",58,72,48,"4,2","12,3"
2022-08-11,"28,0","0,0","23,9","32,2",61,77,52,"3,9","11,6"
2022-08-12,"28,6","0,0","24,5","32,6",69,79,58,"6,1","11,6"
2022-08-13,"29,5","0,0","25,3","33,7",64,85,36,"4,7","7,1"
2022-08-14,"30,2","2,7","25,9","34,6",46,85,28,"6,7","7,6"
2022-08-15,"27,3","0,0","24,2","30,4",60,75,43,"4,7","11,7"
2022-08-16,"27,5","0,0","23,8","31,2",67,82,53,"3,1","7,4"
2022-08-17,"24,8","45,9","18,3","31,2",59,97,47,"5,6","5,8"
2022-08-18,"23,4","2,8","19,4","27,5",66,91,45,"3,9","4,9"
2022-08-19,"23,8","0,0","18,2","29,5",56,86,36,"3,9","12,8"
2022-08-20,"25,4","0,0","20,6","30,1",67,80,51,"6,7","12,6"
2022-08-21,"27,0","3,4","23,2","30,7",75,89,62,"3,3","7,3"
2022-08-22,"26,4","0,0","23,5","29,2",71,90,59,"3,9","8,0"
2022-08-23,"26,6","0,0","23,0","30,3",66,85,54,"4,7","12,0"
2022-08-24,"27,6","0,0","24,3","31,0",72,83,56,"4,4","10,5"
2022-08-25,"26,5","0,6","22,2","30,8",69,85,45,"3,1","8,6"
2022-08-26,"26,6","0,0","22,0","31,3",62,77,40,"5,3","7,4"
2022-08-27,"27,4","0,0","23,6","31,3",63,79,53,"4,4","9,8"
2022-08-28,"26,8","0,0","22,6","31,1",65,81,58,"5,8","12,1"
2022-08-29,"26,8",Ip,"22,9","30,7",71,85,59,"4,4","7,9"
2022-08-30,"27,3","1,8","23,4","31,2",72,83,62,"6,7","10,3"
2022-08-31,"24,6","11,6","18,8","30,5",80,98,55,"3,9","3,3"
2022-09-01,"24,8","0,0","19,4","30,2",63,82,47,"4,2","11,5"
2022-09-02,"27,0","0,0","23,1","30,9",70,84,50,"5,3","8,7"
2022-09-03,"26,0","0,0","22,7","29,3",72,83,56,"5,6","5,6"
2022-09-04,"26,3","0,0","23,1","29,5",74,85,63,"4,2","10,3"
2022-09-05,"27,1","0,0","23,8","30,4",77,87,66,"4,4","6,2"
2022-09-06,"27,0","0,0","23,1","30,8",74,87,63,"5,6","11,4"
2022-09-07,"26,2","0,0","21,8","30,5",69,82,60,"3,1","7,6"
2022-09-08,"26,4","0,0","23,6","29,3",51,79,40,"4,4","4,2"
2022-09-09,"26,0","0,0","22,2","29,7",62,71,53,"6,9","4,4"
2022-09-10,"25,2","0,0","21,0","29,4",65,76,55,"3,9","9,8"
2022-09-11,"26,8","0,0","24,4","29,1",72,83,65,"4,2","6,5"
2022-09-12,"27,0","0,0","23,2","30,8",74,87,67,"3,3","8,2"
2022-09-13,"28,9","0,7","25,0","32,8",54,84,33,"4,7","0,4"
2022-09-14,"24,4","0,1","20,8","28,1",71,87,50,"5,0","0,7"
2022-09-15,"25,4","0,0","20,8","29,9",67,81,52,"3,6","11,4"
2022-09-16,"25,1","0,0","21,7","28,5",69,83,57,"4,2","5,2"
2022-09-17,"23,2","0,0","20,1","26,4",55,84,39,"4,7","8,2"
2022-09-18,"22,0","0,0","18,6","25,5",55,74,39,"3,3","10,4"
2022-09-19,"22,7","0,0","18,8","26,6",67,81,56,"2,8","10,3"
2022-09-20,"23,4","0,0","20,7","26,2",62,81,52,"3,3","3,9"
2022-09-21,"22,8","0,0","19,5","26,0",63,84,50,"4,4","7,6"
2022-09-22,"23,0","0,0","20,1","25,8",55,73,38,"4,7","8,4"
2022-09-23,"22,0","13,7","17,0","27,0",69,93,52,"4,2","6,2"
2022-09-24,"20,0","0,6","16,7","23,3",70,95,59,"6,7","0,4"
2022-09-25,"20,0","0,0","16,4","23,7",60,88,46,"4,2","5,9"
2022-09-26,"20,3","0,0","15,0","25,6",52,81,36,"5,6","9,7"
2022-09-27,"20,0","0,0","15,3","24,7",51,73,37,"3,3","8,2"
2022-09-28,"21,9","0,0","16,8","27,0",45,74,32,"5,0","3,5"
2022-09-29,"20,4","0,0","16,3","24,6",44,78,31,"4,2","3,8"
2022-09-30,"18,8","0,0","14,5","23,2",55,76,33,"4,7","7,6"
2022-10-01,"18,4","0,0","12,7","24,2",59,79,40,"6,4","11,1"
2022-10-02,"21,0","0,0","15,7","26,2",63,78,47,"7,5","11,1"
2022-10-03,"21,0","0,0","16,6","25,5",72,86,58,"3,9","9,7"
2022-10-04,"21,8","0,0","17,8","25,7",68,89,42,"2,5","10,7"
2022-10-05,"20,6","0,0","16,4","24,9",74,86,63,"3,9","9,4"
2022-10-06,"21,6","0,7","18,1","25,0",70,81,58,"6,4","6,6"
2022-10-07,"19,0","35,2","17,1","20,8",86,96,70,"3,9","0,0"
2022-10-08,"20,5","0,0","18,0","23,0",78,94,63,"5,0","4,2"
2022-10-09,"20,2",Ip,"17,1","23,3",77,92,64,"2,5","6,0"
2022-10-10,"20,9","0,0","18,3","23,5",79,90,70,"3,1","5,5"
2022-10-11,"20,4","0,0","17,5","23,2",79,90,66,"5,6","0,1"
2022-10-12,"20,7","0,0","16,8","24,6",70,88,49,"4,2","8,7"
2022-10-13,"21,4","0,0","17,5","25,3",72,86,54,"6,1","9,2"
2022-10-14,"21,2","0,0","16,8","25,5",72,85,42,"2,8","9,9"
2022-10-15,"21,4","0,0","17,0","25,7",80,88,68,"4,7","8,4"
2022-10-16,"22,3","0,0","18,4","26,2",81,91,69,"3,1","6,7"
2022-10-17,"23,0","0,0","20,4","25,7",83,90,73,"4,4","3,0"
2022-10-18,"22,4","0,0","19,1","25,7",82,91,69,"3,1","7,4"
2022-10-19,"22,8","0,0","19,5","26,0",80,91,70,"3,6","3,4"
2022-10-20,"22,4","0,0","19,6","25,1",79,91,59,"1,9","0,0"
2022-10-21,"23,0","0,0","19,7","26,2",76,83,66,"3,9","6,6"
2022-10-22,"22,4","0,0","18,1","26,6",59,82,38,"2,8","4,3"
2022-10-23,"22,4","0,0","18,7","26,2",75,87,62,"2,8","0,8"
2022-10-24,"22,8","0,0","18,7","27,0",77,89,53,"4,7","6,4"
2022-10-25,"22,4","0,0","17,9","26,8",76,90,42,"3,3","7,5"
2022-10-26,"22,2","0,0","18,0","26,3",83,93,66,"3,1","6,2"
2022-10-27,"19,8","0,0","16,8","22,7",78,96,61,"4,7","6,0"
2022-10-28,"19,4","0,0","15,9","22,9",80,90,67,"3,1","7,0"
2022-10-29,"18,3","0,0","14,5","22,1",79,92,60,"3,6","2,5"
2022-10-30,"19,8","0,0","15,6","23,9",78,91,62,"3,3","3,2"
2022-10-31,"20,2","0,0","16,6","23,9",79,91,65,"3,3","4,1"
2022-11-01,"21,1","0,0","17,3","24,9",80,88,46,"3,9","8,0"
2022-11-02,"19,4","0,0","16,1","22,6",67,85,43,"3,1","6,2"
2022-11-03,"19,9",Ip,"15,8","24,0",69,86,50,"6,1","0,7"
2022-11-04,"17,4","0,0","12,8","21,9",37,67,25,"6,9","8,0"
2022-11-05,"16,4","0,0","12,1","20,6",50,68,28,"3,6","7,5"
2022-11-06,"15,2","0,0","9,3","21,1",61,72,39,"5,8","7,8"
2022-11-07,"16,1","0,0","10,8","21,4",69,84,45,"3,9","4,9"
2022-11-08,"17,8","0,0","12,5","23,1",78,91,66,"3,9","5,4"
2022-11-09,"18,4","23,0","13,2","23,5",64,92,43,"3,9","0,4"
2022-11-10,"17,7","0,0","14,6","20,8",77,96,62,"2,5","5,6"
2022-11-11,"17,5","0,0","13,6","21,4",76,86,55,"8,3","5,5"
2022-11-12,"19,0","0,0","16,7","21,3",79,90,68,"4,4","3,8"
2022-11-13,"16,4","0,0","12,4","20,5",81,92,70,"4,4","6,5"
2022-11-14,"18,4","0,0","15,3","21,6",85,92,68,"4,2","3,6"
2022-11-15,"17,8","0,0","14,8","20,9",75,86,58,"4,2","0,5"
2022-11-16,"19,2","0,0","16,7","21,6",61,72,40,"3,9","4,1"
2022-11-17,"20,2","0,0","16,9","23,4",70,80,43,"3,6","0,6"
2022-11-18,"16,0","0,0","13,3","18,8",64,77,44,"3,1","0,4"
2022-11-19,"13,4","0,0","9,3","17,4",57,71,37,"4,4","5,3"
2022-11-20,"11,3","0,0","6,2","16,4",60,74,40,"1,7","6,2"
2022-11-21,"13,8","0,2","11,0","16,6",69,85,54,"2,5","0,0"
2022-11-22,"13,1","0,0","10,0","16,2",43,64,33,"7,8","2,6"
2022-11-23,"17,8","0,0","11,7","23,8",69,83,43,"3,9","3,5"
2022-11-24,"15,4",Ip,"11,2","19,7",71,81,55,"3,9","2,6"
2022-11-25,"15,3","3,3","10,7","19,9",74,84,54,"3,3","2,6"
2022-11-26,"13,4","0,0","8,0","18,8",59,73,36,"4,4","3,5"
2022-11-27,"12,1","0,0","6,4","17,8",69,86,50,"3,3","4,0"
2022-11-28,"12,3","2,3","9,6","15,0",78,87,67,"1,9","0,0"
2022-11-29,"12,2","0,0","8,3","16,1",65,79,51,"3,3","3,6"
2022-11-30,"11,4","0,5","7,3","15,6",71,86,60,"2,8","1,5"
2022-12-01,"11,6","0,0","8,2","15,1",60,86,48,"4,4","2,1"
2022-12-02,"10,0","0,0","6,1","13,8",63,79,47,"3,9","1,7"
2022-12-03,"9,2","2,2","3,7","14,8",65,81,44,"5,8","5,8"
2022-12-04,"10,6","0,2","7,0","14,2",71,90,52,"1,9","0,1"
2022-12-05,"9,5","0,0","4,4","14,6",72,86,49,"4,7","4,3"
2022-12-06,"12,2","0,0","8,8","15,6",75,91,65,"2,5","0,2"
2022-12-07,"11,6","0,0","8,2","15,1",78,91,63,"3,1","1,2"
2022-12-08,"12,4","13,8","9,9","14,9",88,97,69,"2,5","1,2"
2022-12-09,"15,7","0,2","11,6","19,8",79,95,50,"3,3","5,3"
2022-12-10,"10,6","0,0","5,5","15,8",61,90,36,"2,5","1,4"
2022-12-11,"7,5",Ip,"5,2","9,8",62,71,49,"3,3","0,0"
2022-12-12,"8,8","7,0","6,3","11,3",78,94,63,"3,6","1,5"
2022-12-13,"12,2","1,9","8,4","16,1",84,94,73,"3,3","0,0"
2022-12-14,"15,5","0,2","11,8","19,2",85,96,64,"3,1","5,0"
2022-12-15,"14,8","0,2","11,7","18,0",86,93,62,"5,8","3,7"
2022-12-16,"13,6","0,3","9,5","17,8",69,87,50,"3,1","5,0"
2022-12-17,"12,2","0,0","9,0","15,3",85,93,71,"1,7","0,0"
2022-12-18,"11,2","0,0","6,4","15,9",83,92,68,"4,4","3,1"
2022-12-19,"12,9","0,0","8,4","17,4",86,94,72,"2,5","2,9"
2022-12-20,"13,3","0,9","9,8","16,8",85,91,73,"3,9","4,1"
2022-12-21,"13,8","0,0","9,9","17,6",80,96,58,"0,8","3,5"
2022-12-22,"14,2","0,0","9,9","18,5",74,88,60,"3,6","4,9"
2022-12-23,"16,6","0,0","11,9","21,4",64,86,52,"3,3","4,6"
2022-12-24,"16,2","0,0","12,9","19,4",71,88,53,"4,2","4,9"
2022-12-25,"13,0","0,0","8,5","17,4",86,96,62,"3,1","5,3"
2022-12-26,"14,0","0,0","9,4","18,5",73,97,49,"4,7","4,7"
2022-12-27,"12,9","0,0","8,1","17,7",76,90,58,"4,2","5,2"
2022-12-28,"11,6","0,0","7,4","15,8",85,93,75,"5,8","5,0"
2022-12-29,"12,2","0,0","6,8","17,6",75,93,48,"3,6","2,3"
2022-12-30,"14,4","0,0","9,1","19,7",68,86,53,"2,5","0,4"
2022-12-31,"14,8","0,0","10,0","19,5",76,95,47,"3,9","5,3"
2023-01-01,"12,2","0,0","8,6","15,9",82,96,63,"2,8","0,7"
2023-01-02,"11,0","0,0","7,0","15,0",61,86,47,"3,3","0,2"
2023-01-03,"12,9","0,0","8,2","17,6",77,89,60,"2,5","1,8"
2023-01-04,"11,8","0,0","7,5","16,1",76,89,57,"2,8","5,4"
2023-01-05,"10,6","0,0","5,7","15,6",74,82,49,"3,9","5,4"
2023-01-06,"9,8","0,0","4,3","15,4",67,84,43,"3,6","5,5"
2023-01-07,"10,7","0,0","4,8","16,6",61,84,42,"3,1","5,5"
2023-01-08,"12,4","0,0","9,1","15,8",75,88,60,"4,7","0,0"
2023-01-09,"14,1","0,0","10,9","17,3",42,83,31,"3,9","5,7"
2023-01-10,"10,6","0,0","6,1","15,2",62,81,39,"3,3","5,7"
2023-01-11,"10,7","0,0","6,2","15,2",64,78,54,"4,7","0,1"
2023-01-12,"10,6","0,0","6,5","14,7",69,81,51,"3,9","4,5"
2023-01-13,"11,0","0,0","6,3","15,7",64,76,46,"3,1","2,4"
2023-01-14,"10,5","0,0","5,0","16,0",73,88,54,"7,2","5,3"
2023-01-15,"12,6","0,0","8,5","16,7",62,88,49,"2,5","4,0"
2023-01-16,"11,7","0,0","6,8","16,6",50,83,40,"6,9","2,0"
2023-01-17,"12,3","0,8","7,4","17,2",44,82,29,"10,8","4,3"
2023-01-18,"9,6","0,0","6,2","13,0",41,58,21,"5,6","3,7"
2023-01-19,"8,2","0,0","4,3","12,2",48,63,38,"6,9","6,2"
2023-01-20,"9,2","0,0","4,1","14,2",53,81,24,"3,3","5,3"
2023-01-21,"6,2","0,0","0,4","12,0",30,59,17,"5,8","6,3"
2023-01-22,"4,8","0,1","-0,8","10,4",43,65,27,"3,6","5,2"
2023-01-23,"5,0","0,0","0,1","10,0",49,66,28,"3,6","6,1"
2023-01-24,"4,6","0,6","3,0","6,2",69,76,50,"5,3","0,6"
2023-01-25,"9,2","0,0","4,1","14,3",50,77,31,"6,1","6,2"
2023-01-26,"6,0","0,0","1,5","10,6",62,76,46,"2,8","6,6"
2023-01-27,"6,6","0,0","2,5","10,7",65,77,48,"3,9","2,9"
2023-01-28,"5,9","0,0","2,0","9,8",60,69,48,"5,6","2,3"
2023-01-29,"7,2","0,0","3,7","10,8",55,73,39,"2,8","4,9"
2023-01-30,"7,6","0,0","1,8","13,5",51,68,31,"5,8","7,2"
2023-01-31,"8,0","0,0","3,7","12,4",57,67,40,"3,6","7,4"
2023-02-01,"8,3","0,0","2,9","13,7",64,75,44,"4,4","7,3"
2023-02-02,"9,8","0,0","4,1","15,6",64,76,38,"3,6","7,6"
2023-02-03,"9,5","0,0","4,1","14,9",68,82,38,"4,2","7,7"
2023-02-04,"13,2","0,0","5,5","20,9",37,61,23,"5,0","7,9"
2023-02-05,"11,0","0,8","6,5","15,6",61,72,36,"4,4","7,9"
2023-02-06,"9,0","0,2","6,3","11,6",65,80,45,"7,5","1,1"
2023-02-07,"9,6","11,4","7,5","11,8",75,98,45,"10,0","0,0"
2023-02-08,"9,2","0,6","7,7","10,8",73,84,62,"8,1","2,1"
2023-02-09,"8,7","0,0","6,0","11,4",57,72,49,"3,9","6,2"
2023-02-10,"8,1","0,0","3,5","12,7",68,84,49,"3,9","8,3"
2023-02-11,"7,3","0,0","2,0","12,6",62,77,41,"3,9","8,7"
2023-02-12,"7,2","0,0","1,8","12,6",66,83,50,"5,6","8,8"
2023-02-13,"7,8","0,0","2,5","13,1",70,90,59,"5,3","8,9"
2023-02-14,"8,5","0,0","3,8","13,2",73,89,61,"5,0","7,9"
2023-02-15,"9,5","0,0","4,5","14,5",71,85,52,"3,1","7,9"
2023-02-16,"9,7","0,0","4,9","14,5",76,89,59,"2,5","2,0"
2023-02-17,"10,3","0,0","4,7","15,9",61,87,48,"5,3","9,4"
2023-02-18,"10,8","0,0","6,0","15,5",59,68,44,"5,6","9,5"
2023-02-19,"11,2","0,0","6,6","15,8",70,90,47,"3,9","9,2"
2023-02-20,"12,1","0,0","7,7","16,5",76,92,42,"3,6","8,8"
2023-02-21,"11,3","0,0","7,1","15,5",70,90,54,"4,2","5,8"
2023-02-22,"11,9","0,0","8,9","14,9",80,95,69,"3,3","5,9"
2023-02-23,"11,2","7,4","8,7","13,7",84,90,71,"3,6","0,0"
2023-02-24,"10,2","0,0","7,1","13,4",63,97,50,"4,2","7,2"
2023-02-25,"10,4","0,0","5,9","15,0",59,77,30,"3,3","3,0"
2023-02-26,"8,0","23,3","3,1","12,9",63,94,50,"4,4","4,1"
2023-02-27,"5,2","0,4","1,4","8,9",60,95,33,"3,3","3,5"
2023-02-28,"9,1","0,0","4,4","13,8",48,64,34,"5,8","3,1"
2023-03-01,"6,1","0,0","1,7","10,5",48,60,34,"5,3","10,4"
2023-03-02,"8,4","0,0","3,8","12,9",47,57,34,"4,4","2,2"
2023-03-03,"7,9","0,0","3,1","12,7",59,74,37,"3,9","10,3"
2023-03-04,"9,1","0,0","4,9","13,3",64,80,45,"6,1","10,1"
2023-03-05,"9,0","0,0","3,5","14,4",70,86,49,"6,9","10,0"
2023-03-06,"10,4","0,0","6,7","14,1",69,83,56,"3,6","5,3"
2023-03-07,"11,4","0,0","5,8","17,0",71,86,48,"6,4","9,1"
2023-03-08,"15,2","0,0","8,8","21,7",67,87,40,"5,3","5,6"
2023-03-09,"17,4","1,4","13,2","21,7",,87,50,"10,8","1,7"
2023-03-10,"18,6","0,0","12,9","24,4",43,72,28,"8,3","9,9"
2023-03-11,"20,6","0,0","14,6","26,6",49,76,33,"11,4","5,9"
2023-03-12,"15,0","0,0","11,8","18,1",77,87,66,"3,1","10,8"
2023-03-13,"16,1","0,0","11,7","20,5",85,97,28,"3,6","6,3"
2023-03-14,"16,9","0,0","11,4","22,4",34,75,24,"6,9","11,0"
2023-03-15,"13,2","0,0","9,1","17,2",72,88,44,"3,6","10,1"
2023-03-16,"12,5","0,0","8,3","16,7",72,91,49,"3,6","10,9"
2023-03-17,"14,4","0,0","12,0","16,7",78,89,66,"5,6","3,6"
2023-03-18,"13,8","0,0","10,8","16,9",78,93,62,"3,9","4,6"
2023-03-19,"13,8","0,0","10,5","17,0",73,90,59,"3,6","8,6"
2023-03-20,"12,6","0,0","8,9","16,3",78,87,53,"3,3","10,0"
2023-03-21,"13,2","0,0","9,7","16,6",79,89,67,"3,9","9,9"
2023-03-22,"13,2","0,0","9,4","17,0",81,91,67,"6,4","10,1"
2023-03-23,"14,8","0,0","12,2","17,3",83,92,69,"5,0","4,8"
2023-03-24,"16,7","0,0","10,6","22,8",81,93,37,"5,6","4,9"
2023-03-25,"13,6","0,0","9,7","17,5",73,91,56,"3,3","8,1"
2023-03-26,"18,6","0,0","11,0","26,1",41,90,15,"8,6","10,9"
2023-03-27,"15,0","0,0","11,8","18,3",57,79,32,"3,9","11,6"
2023-03-28,"14,6","0,0","12,5","16,7",74,86,66,"4,7","8,1"
2023-03-29,"14,7","0,0","11,4","18,0",79,90,63,"8,3","11,3"
2023-03-30,"14,0","0,0","10,8","17,3",79,93,72,"3,3","7,0"
2023-03-31,"19,0","0,0","12,0","26,0",74,93,28,"5,8","5,7"
2023-04-01,"17,3","0,6","11,0","23,6",49,90,22,"8,1","6,8"
2023-04-02,"14,6","0,1","8,3","21,0",53,91,23,"8,1","9,6"
2023-04-03,"13,2","0,0","9,8","16,5",58,77,37,"4,2","12,0"
2023-04-04,"11,8","0,0","8,0","15,6",62,79,49,"4,7","11,0"
2023-04-05,"12,2","0,0","7,5","16,9",61,83,40,"4,7","11,6"
2023-04-06,"13,0","0,0","8,8","17,1",70,84,61,"5,8","9,4"
2023-04-07,"13,0","0,0","8,7","17,4",73,84,66,"7,8","11,6"
2023-04-08,"13,0","0,0","9,5","16,5",59,83,40,"3,3","11,7"
2023-04-09,"13,5","0,0","9,5","17,5",65,87,41,"5,8","9,6"
2023-04-10,"14,7","0,0","11,2","18,2",78,90,66,"3,3","6,9"
2023-04-11,"14,4","0,0","10,9","18,0",77,91,68,"6,1","10,5"
2023-04-12,"15,7","0,0","11,0","20,4",71,82,60,"6,7","9,0"
2023-04-13,"16,5","0,0","11,2","21,8",30,79,17,"6,4","11,5"
2023-04-14,"14,6","0,0","9,8","19,5",50,81,30,"8,1","7,3"
2023-04-15,"15,0","0,0","10,3","19,8",55,79,40,"3,3","10,1"
2023-04-16,"14,7","0,0","10,0","19,4",49,80,26,"3,6","12,6"
2023-04-17,"14,0","0,0","9,0","19,0",57,74,41,"3,9","11,1"
2023-04-18,"15,0","0,0","11,6","18,4",70,82,50,"3,3","8,0"
2023-04-19,"14,2","0,0","10,0","18,5",,82,42,,"11,1"
2023-04-20,"14,6","0,0","10,2","18,9",68,92,50,"5,3","11,0"
2023-04-21,"16,8","0,0","13,8","19,7",81,92,71,"3,9","11,4"
2023-04-22,"16,5","0,0","12,7","20,3",75,93,62,"4,7","9,6"
2023-04-23,"17,6","0,3","15,1","20,0",75,93,55,"6,9","9,3"
2023-04-24,"16,8","0,0","14,1","19,5",78,93,69,"3,6","11,8"
2023-04-25,"17,0","0,0","14,3","19,8",80,94,67,"4,4","7,6"
2023-04-26,"17,0","0,0","14,4","19,7",76,84,69,"3,3","9,3"
2023-04-27,"18,4","0,0","14,1","22,7",68,92,50,"4,2","9,6"
2023-04-28,"18,4","0,0","14,4","22,4",68,91,49,"3,6","10,4"
2023-04-29,"18,3","3,5","15,3","21,3",74,91,57,"5,0","7,4"
2023-04-30,"19,4","0,1","16,6","22,3",74,89,60,"4,2","7,9"
2023-05-01,"18,2","0,0","15,2","21,3",75,90,58,"3,6","10,3"
2023-05-02,"17,6","0,0","13,5","21,8",66,86,46,"5,0","11,0"
2023-05-03,"17,5","0,0","14,1","20,9",74,90,63,"5,0","12,1"
2023-05-04,"18,0","0,0","14,7","21,3",75,86,68,"3,9","10,7"
2023-05-05,"18,2","0,0","14,5","22,0",76,92,68,"5,0","10,4"
2023-05-06,"18,4","0,0","15,0","21,7",80,89,55,"3,3","10,6"
2023-05-07,"19,4","0,0","17,6","21,3",72,89,58,"4,4","3,5"
2023-05-08,"19,8","0,0","16,4","23,1",68,87,50,"3,1","9,5"
2023-05-09,"19,2","0,1","15,8","22,5",76,94,52,"4,4","5,5"
2023-05-10,"18,9","0,0","16,5","21,3",58,86,41,"6,1","11,8"
2023-05-11,"16,9","0,0","14,4","19,4",55,80,45,"5,0","7,8"
2023-05-12,"15,3","0,4","11,6","19,0",66,83,52,"3,9","4,5"
2023-05-13,"15,5","1,6","10,8","20,2",63,88,44,"3,6","2,9"
2023-05-14,"15,8","5,7","11,8","19,9",71,90,51,"4,7","9,2"
2023-05-15,"18,5","0,1","14,0","23,0",59,86,42,"4,7","8,4"
2023-05-16,"17,8","0,0","13,8","21,9",54,84,32,"4,4","7,6"
2023-05-17,"16,3","0,0","12,0","20,6",47,79,30,"6,1","11,5"
2023-05-18,"16,6","0,0","13,1","20,1",58,83,47,"3,1","6,1"
2023-05-19,"17,8","2,8","14,3","21,2",62,91,45,"2,2","3,4"
2023-05-20,"18,0","0,0","13,7","22,3",60,91,47,"4,2","6,0"
2023-05-21,"16,6","0,0","13,0","20,1",69,84,54,"3,6","6,0"
2023-05-22,"19,8","0,0","16,6","23,1",63,80,51,"5,3","5,2"
2023-05-23,"19,4","0,0","15,3","23,5",69,82,55,"4,4","8,9"
2023-05-24,"20,4","0,7","15,8","25,1",63,83,45,"3,3","8,5"
2023-05-25,"16,8","8,8","15,3","18,4",88,95,66,"3,3","0,0"
2023-05-26,"17,4","0,0","14,1","20,6",78,94,72,"3,3","9,1"
2023-05-27,"20,4","0,0","16,2","24,5",63,90,48,"4,4","11,4"
2023-05-28,"20,1","0,0","16,6","23,6",61,91,53,"5,8","9,1"
2023-05-29,"20,2","0,0","17,4","23,0",67,90,57,"2,5","10,7"
2023-05-30,"20,0","0,0","16,7","23,2",67,88,56,"3,1","6,7"
2023-05-31,"21,4","2,7","17,4","25,3",63,83,44,"3,9","3,1"
2023-06-01,"20,2","0,0","17,7","22,8",73,89,57,"3,3","3,1"
2023-06-02,"19,5","0,0","16,2","22,8",71,87,58,"3,6","9,1"
2023-06-03,"20,1","0,0","17,0","23,2",74,88,59,"2,2","5,1"
2023-06-04,"20,1","0,0","16,8","23,4",72,86,61,"3,6","7,9"
2023-06-05,"20,8","0,0","17,3","24,2",72,85,63,"4,4","10,8"
2023-06-06,"21,6","0,0","18,1","25,0",72,85,66,"4,7","12,1"
2023-06-07,"21,6","0,0","18,6","24,6",75,85,64,"3,3","1,9"
2023-06-08,"22,0","0,0","19,1","25,0",68,85,63,"3,1","8,9"
2023-06-09,"23,5","0,0","21,1","25,9",78,88,67,"5,6","10,1"
2023-06-10,"22,8","0,0","20,2","25,5",72,92,59,"3,1","10,7"
2023-06-11,"24,9","1,3","20,9","28,9",59,83,44,"4,4","6,5"
2023-06-12,"23,8","0,0","19,8","27,7",60,87,43,"4,4","9,3"
2023-06-13,"23,4","0,0","19,8","27,0",73,94,52,"5,6","3,9"
2023-06-14,"22,6","0,0","18,4","26,8",64,82,48,"6,1","6,6"
2023-06-15,"23,6","0,0","20,1","27,2",64,85,47,"4,2","9,4"
2023-06-16,,"0,0",,,,,,,"2,6"
2023-06-17,"23,9","0,0","19,9","27,9",71,95,50,"4,2","10,8"
2023-06-18,"25,0",Ip,"21,4","28,5",57,84,27,"3,1","2,5"
2023-06-19,"24,8","0,7","20,3","29,4",59,81,31,"9,7","6,2"
2023-06-20,"24,8","0,0","21,3","28,2",63,87,55,"3,3","5,5"
2023-06-21,"25,7","0,0","22,9","28,5",75,89,62,"4,4","6,3"
2023-06-22,"26,0","0,0","21,8","30,3",62,88,43,"5,3","10,3"
2023-06-23,"25,0","0,0","22,0","27,9",69,89,55,"4,2","12,1"
2023-06-24,"25,0","0,0","21,7","28,3",79,92,60,"3,9","9,5"
2023-06-25,"24,8","0,0","21,7","27,8",71,92,54,"5,3","12,1"
2023-06-26,"25,5","0,0","22,7","28,3",75,93,55,"4,2","11,3"
2023-06-27,"26,0","0,0","23,4","28,5",77,94,70,"4,7","7,3"
2023-06-28,"25,8","0,0","23,3","28,4",77,91,62,"4,2","7,5"
2023-06-29,"24,2","5,8","19,7","28,7",67,86,59,"2,8","6,9"
2023-06-30,"22,6","0,0","18,6","26,5",65,93,54,"4,2","9,5"
2023-07-01,"23,4","0,0","20,3","26,6",57,83,47,"6,7","11,8"
2023-07-02,"24,8","0,0","21,4","28,1",65,84,58,"4,2","11,7"
2023-07-03,"25,0","0,0","22,1","27,9",70,86,64,"3,9","8,0"
2023-07-04,"24,8","0,0","21,7","28,0",71,90,58,"3,6","10,6"
2023-07-05,"24,5","0,7","22,7","26,3",74,88,65,"3,6","2,1"
2023-07-06,"25,2","0,0","22,0","28,3",65,86,47,"3,3","8,4"
2023-07-07,"25,5","0,0","22,2","28,8",71,88,46,"5,3","7,7"
2023-07-08,"26,6","0,0","23,0","30,3",66,88,45,"4,2","12,1"
2023-07-09,"26,0","0,0","22,8","29,2",74,90,54,"3,1","11,3"
2023-07-10,"26,8","0,0","24,2","29,5",75,91,63,"3,9","11,2"
2023-07-11,"27,5","0,0","24,5","30,5",75,92,62,"2,2","9,3"
2023-07-12,"26,6","0,0","24,6","28,6",74,92,64,"4,2","6,8"
2023-07-13,"27,0","0,0","24,2","29,7",65,76,50,"4,7","9,9"
2023-07-14,"27,6","0,0","24,7","30,4",70,84,64,"5,8","12,3"
2023-07-15,"27,2","0,0","24,2","30,3",72,85,65,"3,3","10,9"
2023-07-16,"27,0","0,0","25,3","28,8",62,84,53,"3,6","10,4"
2023-07-17,"27,0","0,0","24,6","29,4",66,84,49,"3,1","9,8"
2023-07-18,"26,6","0,0","23,4","29,8",75,93,65,"5,6","11,3"
2023-07-19,"28,2","0,0","25,4","31,1",71,92,61,"3,3","10,3"
2023-07-20,"27,0","0,0","24,3","29,8",65,81,50,"3,3","10,8"
2023-07-21,"27,2","0,0","25,6","28,8",69,85,62,"3,9","8,0"
2023-07-22,"26,4","0,0","24,2","28,7",61,75,52,"3,6","9,7"
2023-07-23,"26,8","0,1","23,8","29,8",72,84,57,"3,6","10,4"
2023-07-24,"27,5","0,0","24,9","30,1",75,86,63,"5,3","3,8"
2023-07-25,"28,3","0,0","24,1","32,5",35,82,24,"6,9","12,4"
2023-07-26,"24,9","0,0","23,0","26,8",57,80,45,"5,0","7,2"
2023-07-27,"25,5","0,9","21,8","29,2",79,89,56,"3,6","4,1"
2023-07-28,"25,0","0,0","20,7","29,4",69,86,54,"5,3","11,4"
2023-07-29,"26,7","0,0","23,3","30,1",75,87,68,"5,0","11,6"
2023-07-30,"27,6","0,0","25,1","30,1",70,90,60,"3,1","11,0"
2023-07-31,"26,5","0,2","23,5","29,5",71,86,58,"3,9","6,7"
2023-08-01,"28,4","0,0","25,1","31,6",69,88,45,"5,6","11,4"
2023-08-02,"28,0","0,0","24,7","31,2",77,90,68,"6,1","11,9"
2023-08-03,"24,4","18,6","21,4","27,4",70,92,62,"5,0","3,9"
2023-08-04,"23,2","0,0","18,9","27,4",53,92,33,"4,7","12,1"
2023-08-05,"24,2","0,0","20,1","28,3",49,69,31,"7,2","12,5"
2023-08-06,"24,2","0,0","21,8","26,7",62,73,48,"5,0","3,4"
2023-08-07,"25,0","0,2","23,2","26,8",60,75,48,"5,0","6,3"
2023-08-08,"25,3","0,0","21,9","28,7",71,83,64,"5,6","8,3"
2023-08-09,"25,6","0,0","22,3","29,0",72,85,64,"4,4","11,5"
2023-08-10,"26,9","0,0","24,1","29,7",67,87,42,"3,9","9,9"
2023-08-11,"27,0","0,0","23,2","30,8",63,85,46,"5,3","12,3"
2023-08-12,"26,4","0,0","23,9","28,9",75,86,62,"4,2","10,5"
2023-08-13,"26,4","0,0","23,7","29,2",,87,67,,"7,6"
2023-08-14,"26,7",Ip,"23,0","30,4",72,86,47,"3,3","12,1"
2023-08-15,"26,6","0,0","23,2","30,1",73,86,61,"4,2","10,6"
2023-08-16,"26,7","0,0","23,6","29,8",70,86,63,"4,7","4,5"
2023-08-17,"27,3","0,0","24,3","30,3",74,86,64,"7,8","10,6"
2023-08-18,"26,4","0,0","23,5","29,4",76,87,63,"3,3","9,9"
2023-08-19,"27,4","0,0","24,3","30,6",72,87,59,"3,3","9,5"
2023-08-20,"28,5","0,0","24,3","32,7",65,85,46,"2,8","11,4"
2023-08-21,"30,2","0,0","26,3","34,2",58,83,44,"2,5","11,6"
2023-08-22,"29,2","0,0","26,2","32,3",71,82,50,"2,8","11,5"
2023-08-23,"30,9","0,0","26,7","35,1",57,78,42,"3,6","10,9"
2023-08-24,"29,4","0,0","26,8","32,1",72,90,54,"5,0","11,7"
2023-08-25,"28,5","0,0","25,6","31,4",70,89,63,"4,2","11,2"
2023-08-26,"25,8","13,9","21,9","29,8",78,90,59,"4,2","3,1"
2023-08-27,"23,1","19,7","18,1","28,1",82,93,51,"3,3","0,2"
2023-08-28,"24,0","0,0","17,2","30,9",44,76,29,"4,2","8,2"
2023-08-29,"22,6","7,0","18,5","26,8",55,82,37,"5,0","11,5"
2023-08-30,"21,8","3,9","18,3","25,4",71,98,64,"4,7","5,6"
2023-08-31,"23,9","0,0","20,2","27,6",56,88,32,"5,3","11,6"
2023-09-01,"24,3","0,0","20,5","28,1",71,83,63,"4,4","8,8"
2023-09-02,"24,8","0,0","23,0","26,5",68,85,59,"8,1","0,9"
2023-09-03,"26,3","0,0","23,4","29,2",52,80,37,"11,7","3,8"
2023-09-04,"27,9","0,0","25,0","30,8",47,78,26,"9,4","7,9"
2023-09-05,"25,6","0,0","22,7","28,4",70,86,53,"5,3","8,9"
2023-09-06,"24,7","0,0","21,6","27,8",67,82,42,"4,4","10,4"
2023-09-07,"23,0","0,0","19,5","26,6",69,84,51,"3,9","11,5"
2023-09-08,"22,8","0,0","18,9","26,8",62,80,48,"3,1","11,7"
2023-09-09,"22,6","0,0","18,7","26,5",69,81,60,"3,6","11,5"
2023-09-10,"23,0","0,0","19,3","26,8",72,83,66,"3,3","10,9"
2023-09-11,"23,6","0,0","20,1","27,2",77,85,70,"3,3","8,6"
2023-09-12,"24,6","0,0","21,0","28,1",74,85,59,"4,2","4,9"
2023-09-13,"25,0","0,0","21,8","28,1",65,78,50,"3,9","10,1"
2023-09-14,"24,0","0,0","20,4","27,7",70,80,52,"4,2","9,1"
2023-09-15,"22,8","26,4","19,7","26,0",82,96,65,"4,2","1,5"
2023-09-16,"23,2","0,0","19,3","27,0",80,94,66,"3,1","9,1"
2023-09-17,"25,1","1,2","21,4","28,8",81,92,59,"3,6","7,0"
2023-09-18,"25,7","0,0","22,9","28,5",68,91,41,"4,7","7,9"
2023-09-19,"22,8","11,2","19,5","26,1",68,89,57,"3,9","3,0"
2023-09-20,"21,6","0,0","18,8","24,5",78,95,68,"5,3","1,5"
2023-09-21,"22,7","0,0","18,6","26,8",67,87,40,"4,4","5,2"
2023-09-22,"23,3","0,0","19,3","27,3",46,74,26,"5,0","9,6"
2023-09-23,"20,0","0,0","16,1","24,0",52,78,43,"4,2","11,2"
2023-09-24,"20,8","0,0","16,2","25,4",67,83,50,"4,4","11,2"
2023-09-25,"21,1","0,0","17,4","24,8",68,85,50,"3,1","9,2"
2023-09-26,"21,4","0,0","17,5","25,4",72,88,60,"3,6","11,2"
2023-09-27,"21,8","0,0","17,7","25,8",75,85,62,"5,8","10,7"
2023-09-28,"22,7","0,0","19,1","26,3",76,90,66,"6,4","10,4"
2023-09-29,"23,4","0,0","19,7","27,0",77,89,65,"3,6","10,6"
2023-09-30,"24,3","0,0","19,7","28,9",66,88,44,"4,4","10,9"
2023-10-01,"23,2","0,0","19,9","26,6",71,86,62,"4,7","10,5"
2023-10-02,"23,1","0,0","19,9","26,3",76,89,67,"3,1","8,3"
2023-10-03,"22,8","0,0","19,4","26,3",79,91,68,"3,6","9,2"
2023-10-04,"24,2","0,0","21,0","27,3",72,87,57,"5,0","8,9"
2023-10-05,"23,8","0,0","20,4","27,3",77,88,66,"3,9","7,2"
2023-10-06,"23,2","0,0","19,7","26,7",78,90,66,"3,3","9,0"
2023-10-07,"23,2","0,0","19,5","26,8",79,91,63,"2,8","8,4"
2023-10-08,"22,3","0,0","18,5","26,1",77,90,62,"3,3","10,2"
2023-10-09,"22,0","0,0","18,4","25,6",78,92,67,"5,3","10,1"
2023-10-10,"21,8","0,0","17,5","26,0",77,90,62,"5,6","10,3"
2023-10-11,"21,2","0,0","17,0","25,4",76,90,66,"4,7","10,1"
2023-10-12,"21,4","0,0","17,3","25,4",78,91,67,"4,7","9,7"
2023-10-13,"21,8","0,0","17,7","25,8",79,91,66,"5,3","9,8"
2023-10-14,"22,6","0,0","18,7","26,5",67,89,46,"4,2","5,0"
2023-10-15,"20,4","53,6","18,9","21,8",76,94,71,"3,6","0,4"
2023-10-16,"19,0","10,0","17,3","20,7",85,97,76,"4,7","0,2"
2023-10-17,"20,6","0,0","16,6","24,7",83,93,71,"2,8","4,2"
2023-10-18,"23,2","0,0","19,5","26,8",76,94,57,"3,9","7,1"
2023-10-19,"21,0","3,6","17,1","25,0",70,90,50,"7,8","2,5"
2023-10-20,"20,4","0,0","16,5","24,2",53,92,40,"6,9","6,9"
2023-10-21,"17,8","0,0","13,9","21,6",46,65,34,"3,6","7,7"
2023-10-22,"16,1","0,0","11,0","21,2",57,73,43,"5,0","2,8"
2023-10-23,"21,0","18,1","17,6","24,4",79,88,60,"6,1","1,9"
2023-10-24,"19,0","0,0","15,3","22,7",52,94,32,"5,8","9,1"
2023-10-25,"20,2","0,0","15,8","24,7",61,79,40,"5,0","4,7"
2023-10-26,"21,5","0,0","19,5","23,5",73,83,51,"5,8","1,4"
2023-10-27,"19,8","0,0","16,1","23,5",59,76,34,"6,1","5,6"
2023-10-28,"18,8","0,0","14,7","22,8",67,81,44,"5,3","8,9"
2023-10-29,"17,8","0,0","13,2","22,3",77,86,62,"3,6","5,8"
2023-10-30,"18,1","0,4","14,6","21,6",75,89,51,"5,6","5,1"
2023-10-31,"15,8","0,0","12,1","19,4",61,71,46,"3,6","5,0"
2023-11-01,"15,4","0,0","10,5","20,3",63,80,45,"5,0","4,3"
2023-11-02,"17,2","0,6","12,7","21,7",64,80,39,"7,5","1,3"
2023-11-03,"15,9","0,0","11,8","20,0",41,56,29,"7,8","5,0"
2023-11-04,"16,2","0,1","12,2","20,1",66,82,38,"7,5","1,4"
2023-11-05,"17,0","0,0","12,7","21,3",39,66,32,"6,7","7,7"
2023-11-06,"15,4","0,0","10,4","20,3",60,81,33,"4,2","7,6"
2023-11-07,"12,1","0,0","7,6","16,6",58,82,44,"6,7","7,5"
2023-11-08,"11,9","0,4","7,5","16,3",65,76,44,"5,0","6,6"
2023-11-09,"13,7","0,2","10,8","16,6",75,84,59,"2,2","0,2"
2023-11-10,"16,4","0,0","12,2","20,7",49,75,37,"5,0","4,5"
2023-11-11,"15,2","0,1","12,2","18,1",74,92,55,"2,5","2,9"
2023-11-12,"18,1","0,0","14,5","21,7",69,89,53,"2,8","3,6"
2023-11-13,"17,0","0,0","12,0","22,1",70,91,56,"4,4","6,5"
2023-11-14,"18,6","0,0","13,8","23,3",68,86,53,"4,7","5,2"
2023-11-15,"16,8","0,0","14,5","19,0",78,92,65,"3,1","1,8"
2023-11-16,"16,8","0,0","14,2","19,4",88,96,74,"4,7","2,3"
2023-11-17,"16,0","0,0","12,8","19,1",72,89,51,"2,8","6,2"
2023-11-18,"15,2","0,0","12,0","18,5",75,91,60,"5,8","5,9"
2023-11-19,"13,7","0,0","10,6","16,8",88,95,70,"2,2","4,0"
2023-11-20,"14,0","0,0","9,7","18,2",80,98,68,"3,1","3,9"
2023-11-21,"14,6","0,0","11,7","17,4",70,91,47,"4,7","3,2"
2023-11-22,"14,4","0,0","8,4","20,4",36,60,19,"4,4","6,1"
2023-11-23,"12,0","0,0","6,6","17,5",45,61,34,"4,7","6,1"
2023-11-24,"15,2","0,0","9,1","21,2",45,58,28,"6,9","3,2"
2023-11-25,"13,2","0,0","10,3","16,0",68,73,52,"3,9","0,6"
2023-11-26,"12,4","0,0","9,9","15,0",75,87,65,"2,2","0,0"
2023-11-27,"12,1","0,0","8,3","15,9",66,79,52,"2,8","1,7"
2023-11-28,"14,1","0,0","10,1","18,1",64,83,47,"2,5","3,2"
2023-11-29,"13,0","0,0","10,5","15,4",83,89,76,"2,5","0,0"
2023-11-30,"15,4","0,0","9,9","21,0",79,94,55,"5,3","5,2"
2023-12-01,"14,6","0,0","10,3","18,9",71,94,48,"3,1","0,8"
2023-12-02,"11,8","0,0","8,5","15,2",64,73,48,"3,1","5,6"
2023-12-03,"9,9","0,0","6,3","13,5",68,82,53,"3,6","2,6"
2023-12-04,"11,1","0,0","7,3","14,9",64,85,47,"4,4","2,7"
2023-12-05,"10,6","0,0","7,2","14,0",65,75,56,"2,5","3,9"
2023-12-06,"10,3","0,0","6,4","14,2",64,78,51,"3,3","5,0"
2023-12-07,"10,0","1,1","4,7","15,2",78,84,56,"6,1","3,8"
2023-12-08,"13,2","0,0","9,8","16,6",68,89,54,"3,1","3,4"
2023-12-09,"12,3","0,0","7,9","16,7",64,81,50,"6,1","3,7"
2023-12-10,"14,3","0,0","9,5","19,1",72,83,50,"4,2","4,7"
2023-12-11,"15,4","0,0","10,8","20,0",72,90,58,"3,1","1,7"
2023-12-12,,"0,0",,,65,,,"1,1","0,0"
2023-12-13,,"0,0",,,47,,,,"0,0"
2023-12-14,,"0,0",,,,,,,"4,1"
2023-12-15,"12,5","0,0","8,0","17,0",,77,34,,"5,3"
2023-12-16,,"0,0",,,,,,,"4,0"
2023-12-17,"8,6","0,0","3,6","13,7",73,80,49,"4,2","5,2"
2023-12-18,"8,6","0,0","2,7","14,4",66,75,42,"3,3","5,3"
2023-12-19,"12,0","0,0","6,0","17,9",52,77,31,"3,3","5,3"
2023-12-20,"10,0","0,0","5,8","14,3",57,68,48,"3,9","1,6"
2023-12-21,"11,0","0,0","6,1","15,9",63,76,48,"1,9","3,6"
2023-12-22,"14,6","0,0","10,4","18,9",58,86,47,"3,3","5,2"
2023-12-23,"11,8","0,0","8,1","15,6",67,75,51,"4,2","5,3"
2023-12-24,"10,3","0,0","5,8","14,8",74,83,58,"3,3","5,3"
2023-12-25,"9,6","0,0","4,3","14,8",73,88,52,"3,1","5,3"
2023-12-26,"10,1","0,0","4,7","15,5",67,81,39,"3,3","5,3"
2023-12-27,"10,0","0,0","3,9","16,0",60,89,36,"6,1","5,3"
2023-12-28,"9,2","0,0","3,5","15,0",61,81,48,"3,6","1,1"
2023-12-29,"10,2","0,0","6,2","14,2",58,79,42,"2,8","0,7"
2023-12-30,"10,0","0,0","4,3","15,8",66,86,43,"3,3","4,6"
2023-12-31,"11,6","0,0","6,0","17,2",70,86,45,"3,3","1,8"
2024-01-01,"10,0","0,0","5,6","14,3",62,79,45,"2,8","1,7"
2024-01-02,"9,9","0,0","4,2","15,6",56,77,38,"5,6","2,5"
2024-01-03,"14,6","0,0","11,1","18,0",68,81,58,"3,6","0,2"
2024-01-04,"13,0","0,3","8,8","17,2",83,94,65,"2,8","2,3"
2024-01-05,"11,5","11,8","8,6","14,4",74,97,61,"1,9","0,0"
2024-01-06,"10,8","0,0","6,4","15,1",50,91,37,"4,4","5,6"
2024-01-07,"10,4","0,0","6,1","14,6",33,58,17,"6,9","5,7"
2024-01-08,"8,4","0,0","3,9","12,9",43,61,28,"1,9","5,6"
2024-01-09,"7,4","0,2","2,5","12,2",65,82,44,"3,1","4,3"
2024-01-10,"8,0","2,8","5,7","10,3",82,94,71,"3,9","0,2"
2024-01-11,"8,5","0,1","5,0","12,0",72,92,59,"3,3","0,8"
2024-01-12,"8,9","0,0","4,7","13,1",64,77,48,"4,7","5,7"
2024-01-13,"7,8","0,0","3,0","12,7",71,82,48,"4,4","5,8"
2024-01-14,"12,0","0,0","7,3","16,7",59,73,46,"2,5","2,2"
2024-01-15,"12,9","0,0","8,2","17,6",71,87,61,"3,3","0,9"
2024-01-16,"12,7",Ip,"9,1","16,3",80,93,69,"2,8","0,2"
2024-01-17,"13,9","0,0","10,4","17,4",77,96,49,"4,4","1,1"
2024-01-18,"16,2","0,6","13,4","19,1",65,87,47,"6,1","6,1"
2024-01-19,"11,6","8,6","7,2","16,0",84,94,46,"5,8","0,0"
2024-01-20,"8,8","0,0","5,3","12,4",66,92,45,"4,4","5,3"
2024-01-21,"8,9","0,0","4,1","13,7",74,85,57,"3,9","4,3"
2024-01-22,"9,3","0,0","4,2","14,4",78,87,55,"5,0","6,1"
2024-01-23,"11,6","0,0","7,0","16,1",78,92,62,"3,3","6,0"
2024-01-24,"13,0","0,0","8,4","17,6",77,92,58,"2,8","6,3"
2024-01-25,"12,7","0,0","8,6","16,8",79,90,63,"3,3","6,5"
2024-01-26,"15,4","0,0","9,8","21,0",72,89,43,"3,3","5,7"
2024-01-27,"12,7","0,0","8,6","16,8",79,92,52,"3,3","6,3"
2024-01-28,"11,4","0,0","7,7","15,0",82,90,76,"3,6","3,3"
2024-01-29,"13,4","0,0","11,8","15,1",76,91,63,"2,8","0,0"
2024-01-30,"12,8","0,0","9,4","16,1",71,88,57,"2,8","2,8"
2024-01-31,"11,6","0,0","8,2","15,1",76,85,60,"4,7","7,0"
2024-02-01,"11,6","0,0","7,6","15,7",77,90,56,"4,2","5,9"
2024-02-02,"12,7","0,0","8,6","16,8",73,89,53,"3,9","5,0"
2024-02-03,"12,0","0,0","7,2","16,9",74,84,58,"6,1","6,8"
2024-02-04,"12,5","0,0","8,1","16,9",71,92,50,"4,4","7,5"
2024-02-05,"11,8","0,0","7,5","16,2",74,92,54,"5,3","7,9"
2024-02-06,"11,6","0,0","8,0","15,1",77,95,60,"3,9","2,0"
2024-02-07,"11,8","0,0","7,2","16,4",67,91,47,"3,9","7,4"
2024-02-08,"13,8","0,2","8,9","18,7",68,90,51,"4,7","5,2"
2024-02-09,"13,9","5,8","11,8","16,0",84,96,50,"4,7","2,8"
2024-02-10,"13,2","0,0","9,9","16,6",58,97,40,"5,0","1,0"
2024-02-11,"11,9","0,0","7,3","16,5",43,64,36,"6,9","8,3"
2024-02-12,"13,2","0,0","5,9","20,6",57,87,34,"5,3","8,2"
2024-02-13,"12,4","0,0","9,3","15,6",76,90,54,"3,3","5,6"
2024-02-14,"13,6","0,0","8,8","18,3",79,97,53,"3,9","8,0"
2024-02-15,"15,4","0,0","10,8","19,9",84,97,43,"2,5","3,0"
2024-02-16,"13,5","0,1","10,8","16,2",80,91,61,"3,3","0,0"
2024-02-17,"14,5","0,0","10,1","18,9",70,88,47,"3,9","6,6"
2024-02-18,"12,6","0,0","8,8","16,4",71,83,54,"5,0","7,6"
2024-02-19,"15,0","0,0","10,0","19,9",65,89,40,"2,5","5,2"
2024-02-20,"13,2","0,0","9,8","16,5",72,84,58,"5,0","6,4"
2024-02-21,"12,0","0,0","8,4","15,6",80,89,66,"5,0","4,7"
2024-02-22,"14,4","1,5","11,4","17,3",82,95,56,"6,1","3,4"
2024-02-23,"12,4",Ip,"8,3","16,5",44,93,26,"4,7","7,5"
2024-02-24,"10,6","1,6","5,7","15,5",61,90,34,"4,4","4,0"
2024-02-25,"10,0","0,0","5,7","14,4",70,88,53,"5,0","1,4"
2024-02-26,"13,8","0,0","10,1","17,6",54,85,34,"3,9","4,5"
2024-02-27,"13,8","0,0","8,5","19,2",60,81,29,"4,2","6,3"
2024-02-28,"12,1","0,0","8,2","16,0",48,78,35,"3,9","4,9"
2024-02-29,"11,4","0,3","7,2","15,6",61,82,37,"6,4","9,6"
2024-03-01,"14,2","0,0","9,1","19,3",41,82,21,"3,9","10,0"
2024-03-02,"12,0","0,6","8,2","15,8",68,78,54,"5,3","4,5"
2024-03-03,"10,1","1,4","5,3","14,9",58,93,32,"9,4","4,2"
2024-03-04,"11,0","0,0","6,1","16,0",57,78,27,"4,7","5,9"
2024-03-05,"13,1","0,0","6,6","19,6",52,81,25,"4,4","9,5"
2024-03-06,"11,2","0,0","6,3","16,0",62,84,44,"2,8","10,2"
2024-03-07,"11,3","1,2","7,1","15,5",73,83,64,"3,9","7,2"
2024-03-08,"12,6","4,3","9,0","16,1",71,94,47,"7,5","7,8"
2024-03-09,"11,7","15,0","9,2","14,2",84,96,62,"6,1","0,0"
2024-03-10,"11,0","0,0","6,8","15,3",64,93,49,"5,0","5,1"
2024-03-11,"13,6","0,0","8,2","19,1",51,73,36,"5,8","10,8"
2024-03-12,"11,8","0,0","7,8","15,7",67,77,54,"4,2","10,6"
2024-03-13,"11,6","0,0","7,4","15,7",79,84,63,"6,7","10,7"
2024-03-14,"12,0","0,0","7,7","16,2",79,90,70,"5,3","10,3"
2024-03-15,"14,4","0,0","11,9","16,9",83,92,68,"3,3","7,7"
2024-03-16,"14,3","0,0","10,8","17,8",80,94,66,"2,5","10,6"
2024-03-17,"13,8","0,0","12,2","15,5",90,94,79,"5,0","4,2"
2024-03-18,"14,8","0,0","11,0","18,5",73,98,54,"2,5","7,9"
2024-03-19,"15,3","0,0","12,1","18,5",72,86,58,"3,1","8,2"
2024-03-20,"15,2","0,0","12,2","18,1",77,88,68,"5,3","6,5"
2024-03-21,"15,2","0,0","13,1","17,3",76,91,68,"4,7","8,2"
2024-03-22,"17,6","0,0","12,1","23,1",64,88,46,"3,6","9,9"
2024-03-23,"16,6","0,0","13,1","20,0",71,83,53,"3,6","7,6"
2024-03-24,"13,8","0,1","12,3","15,3",75,87,66,"3,1","0,0"
2024-03-25,"13,0","22,8","11,6","14,3",82,95,63,"2,8","0,0"
2024-03-26,"12,6","0,6","8,4","16,7",78,98,48,"5,8","0,3"
2024-03-27,"11,9","0,0","7,1","16,7",63,89,39,"4,7","7,4"
2024-03-28,"17,0","0,0","14,1","20,0",64,88,42,"3,9","9,6"
2024-03-29,"16,4","0,0","14,1","18,7",82,91,60,"4,2","4,4"
2024-03-30,"14,2","0,7","11,8","16,6",63,86,47,"4,7","5,4"
2024-03-31,"14,1","13,2","11,7","16,5",81,96,54,"2,8","1,7"
2024-04-01,"12,8",Ip,"7,5","18,2",58,85,41,"5,6","10,9"
2024-04-02,"14,2","0,0","10,6","17,8",56,70,40,"4,7","8,6"
2024-04-03,"14,9","0,0","10,1","19,7",66,85,47,"3,1","11,7"
2024-04-04,"14,6","0,0","10,8","18,3",79,95,63,"4,4","11,0"
2024-04-05,"16,3","0,0","12,2","20,4",68,91,42,"3,3","6,6"
2024-04-06,"15,2","0,0","11,4","19,0",78,94,67,"5,6","4,9"
2024-04-07,"17,6","0,0","15,2","20,1",76,92,63,"6,4","0,4"
2024-04-08,"17,0","0,0","14,4","19,7",83,95,38,"4,4","2,5"
2024-04-09,"14,8","0,0","10,6","18,9",62,83,37,"4,7","8,7"
2024-04-10,"13,0","0,0","8,4","17,6",55,85,37,"4,7","12,2"
2024-04-11,"13,8","0,0","9,7","18,0",65,82,49,"5,3","11,5"
2024-04-12,"16,6","0,0","11,9","21,3",55,76,41,"4,7","11,4"
2024-04-13,"19,8","0,0","14,3","25,4",49,78,31,"3,9","11,9"
2024-04-14,"19,0","0,0","12,6","25,4",43,83,28,"5,3","12,2"
2024-04-15,"17,2","0,0","13,6","20,7",62,91,41,"3,6","6,4"
2024-04-16,"16,0","1,1","13,4","18,5",60,88,44,"5,3","11,5"
2024-04-17,"14,4","0,0","12,2","16,7",66,83,52,"5,6","6,8"
2024-04-18,"14,2","0,0","11,1","17,3",59,80,46,"5,8","5,2"
2024-04-19,"13,6","0,0","9,2","18,0",61,80,37,"7,8","12,5"
2024-04-20,"14,4","0,0","10,5","18,2",68,84,48,"3,3","11,6"
2024-04-21,"14,1","1,3","11,6","16,6",60,84,52,"3,3",
2024-04-22,"11,8","10,2","8,6","15,0",74,93,56,"4,4","4,2"
2024-04-23,"10,9","0,0","6,8","15,0",58,92,31,"4,2","8,4"
2024-04-24,"11,8","0,0","6,1","17,4",48,80,34,"6,1","12,8"
2024-04-25,"13,8","0,4","11,7","15,8",69,85,60,"6,4","2,9"
2024-04-26,"14,2","0,0","10,7","17,8",74,92,56,"3,3","10,9"
2024-04-27,"17,2","1,5","15,2","19,3",83,91,66,"3,9","0,8"
2024-04-28,"15,7","10,3","14,2","17,2",80,94,70,"3,3","0,0"
2024-04-29,"13,9","68,4","13,0","14,8",95,98,86,"4,4","0,0"
2024-04-30,"15,6","0,0","13,8","17,5",83,92,74,"3,9","1,1"
2024-05-01,"16,8","0,0","11,5","22,0",56,93,29,"3,9","6,9"
2024-05-02,,"0,0","9,7",,,73,43,,"3,8"
2024-05-03,"14,8","0,0","9,4","20,3",58,79,39,"6,7","12,3"
2024-05-04,"16,6","0,0","12,0","21,2",63,85,44,"5,6","11,3"
2024-05-05,"16,3","0,0","12,8","19,8",78,92,62,"2,5","8,7"
2024-05-06,"18,5","0,0","14,8","22,2",80,94,54,"3,6","4,2"
2024-05-07,"16,5","0,0","14,1","18,9",60,87,46,"5,6","9,7"
2024-05-08,"16,9","0,0","12,2","21,6",61,83,42,"4,7","11,6"
2024-05-09,,"0,0",,,,,,,"12,2"
2024-05-10,"18,2","0,0","13,9","22,6",60,76,48,"4,7","13,1"
2024-05-11,"18,1","0,0","14,0","22,2",55,79,36,"3,6","13,0"
2024-05-12,"18,8","0,0","14,8","22,8",64,85,48,"4,4","6,4"
2024-05-13,"19,1","0,1","16,1","22,1",74,88,45,"3,3","8,2"
2024-05-14,"19,0","12,8","15,6","22,3",86,96,56,"5,3","3,7"
2024-05-15,"16,2","1,2","14,0","18,3",73,91,58,"3,6","3,9"
2024-05-16,"16,8","4,1","13,3","20,4",71,86,53,"3,1","6,7"
2024-05-17,"17,8","1,0","14,3","21,2",78,91,70,"4,4","7,9"
2024-05-18,"17,5","2,0","14,5","20,5",80,94,64,"5,0","8,2"
2024-05-19,"17,3","0,0","14,1","20,5",79,90,69,"4,2","9,6"
2024-05-20,"19,4","0,0","16,2","22,6",69,92,53,"5,0","10,2"
2024-05-21,"19,0","0,0","15,0","22,9",58,86,42,"5,6","11,9"
2024-05-22,"18,6","0,0","16,1","21,0",70,80,62,"4,4","9,3"
2024-05-23,"18,0","0,0","15,1","20,8",67,78,61,"3,9","9,3"
2024-05-24,"18,7","0,0","16,2","21,2",67,82,52,"5,6","7,6"
2024-05-25,"17,8","0,0","14,1","21,4",70,85,45,"4,7","8,3"
2024-05-26,"19,0","0,6","15,1","23,0",74,86,59,"2,8","12,0"
2024-05-27,"21,0","0,0","18,4","23,5",71,88,61,"6,1","7,1"
2024-05-28,"19,8","0,0","16,8","22,9",69,87,60,"5,6","12,2"
2024-05-29,"20,1","0,0","16,7","23,5",77,91,72,"5,8","11,8"
2024-05-30,"21,0","0,0","17,4","24,5",75,91,59,"5,8","10,3"
2024-05-31,"21,1","0,3","18,4","23,8",54,77,44,"6,4","9,8"
